Workbook

Sheet Nasıl Kullanılır
A1: 9. Sınıf Deneme Takip Dosyası
A3: 1. Ayarlar | B3: Önce Ayarlar sayfasında derslerin adını, her dersin soru sayısını ve hedef netini kendi denemene göre düzelt. Yanlış katsayısı varsayılan 4 (4 yanlış 1 doğruyu götürür).
A4: 2. Deneme Girişi | B4: Her denemeden sonra bir satır doldur: tarih, deneme adı, her ders için Doğru (D) ve Yanlış (Y). 'Soru' hücresine sadece o denemede o dersin soru sayısı farklıysa yaz; boş bırakırsan Ayarlar'daki sayı kullanılır. Bir ders o denemede hiç yoksa D ve Y'yi boş bırak. Dersi tamamen boş bıraktıysan D=0, Y=0 yaz. D+Y soru sayısını geçerse hücre kırmızı olur.
A5: 3. Konu Takibi | B5: Yanlış/boş yaptığın her soruyu konu adıyla yaz, hata nedenini listeden seç. Aynı konuda 2. hata sarı, 3. ve sonrası kırmızı yanar. Konuyu tekrar çalışınca 'Evet' seç.
A6: 4. Analiz | B6: Soru sayıları denemeden denemeye değişebildiği için karşılaştırmalar Başarı % (net ÷ soru) üzerinden yapılır. Hiçbir şey yazmadan özet kartları, ders bazında başarı yüzdesini, hedefe kalan neti, hata nedenlerini ve grafikleri görürsün. Ders seç kutusundan tek bir dersin gelişimine bak.
A7: Tahmini TYT | B7: Deneme Girişi'nin sonunda ve Analiz'de yaklaşık bir TYT puanı görürsün. Her ders bir TYT testine sayılır (Edebiyat→Türkçe, Tarih/Coğrafya/Din→Sosyal, Fizik/Kimya/Biyoloji→Fen). O testteki başarı yüzden TYT soru sayısıyla çarpılır, katsayılarla puana çevrilir. Kaba bir tahmindir; eşleme ve katsayılar Ayarlar'da.
A8: Renkler | B8: Krem renkli hücreler = senin dolduracağın yerler. Mavi yazı = elle girilen veri. Siyah/kalın = otomatik formül (değiştirme).
A9: Örnek satır | B9: Deneme Girişi ve Konu Takibi'nin ilk satırında örnek veri var — formatı gösteriyor. Kendi verini girmeden önce silebilirsin.
A10: İpucu | B10: Konu Takibi'nde başlıklardaki filtre oklarıyla 'Ders = Matematik' ve 'Tekrar Çalışıldı mı? = Hayır' seçersen, çalışman gereken soruların listesi çıkar.
A12: Örnek giriş hücresi

Sheet Deneme Girişi
A1: Deneme Sonuçları
A2: Her deneme için bir satır: Doğru (D) ve Yanlış (Y) gir. 'Soru' hücresini SADECE o denemede soru sayısı farklıysa doldur; boşsa Ayarlar'daki sayı kullanılır.
A3: No | B3: Tarih | C3: Deneme / Yayın | D3: =Ayarlar!A4 | H3: =Ayarlar!A5 | L3: =Ayarlar!A6 | P3: =Ayarlar!A7 | T3: =Ayarlar!A8 | X3: =Ayarlar!A9 | AB3: =Ayarlar!A10 | AF3: =Ayarlar!A11 | AJ3: TOPLAM | AQ3: TAHMİNİ TYT (yaklaşık)
D4: D | E4: Y | F4: Soru | G4: Net | H4: D | I4: Y | J4: Soru | K4: Net | L4: D | M4: Y | N4: Soru | O4: Net | P4: D | Q4: Y | R4: Soru | S4: Net | T4: D | U4: Y | V4: Soru | W4: Net | X4: D | Y4: Y | Z4: Soru | AA4: Net | AB4: D | AC4: Y | AD4: Soru | AE4: Net | AF4: D | AG4: Y | AH4: Soru | AI4: Net | AJ4: D | AK4: Y | AL4: Soru | AM4: Boş | AN4: Net | AO4: Başarı % | AP4: Değişim | AQ4: =Ayarlar!E21&" net" | AR4: =Ayarlar!E22&" net" | AS4: =Ayarlar!E23&" net" | AT4: =Ayarlar!E24&" net" | AU4: Puan
A5: 1 | B5: 46285 | C5: Örnek Yayın – Deneme 1 (silebilirsin) | D5: 9 | E5: 2 | G5: =IF(AND(D5="",E5=""),"",D5-IF(Ayarlar!$B$16>0,E5/Ayarlar!$B$16,0)) | H5: 10 | I5: 0 | K5: =IF(AND(H5="",I5=""),"",H5-IF(Ayarlar!$B$16>0,I5/Ayarlar!$B$16,0)) | L5: 3 | M5: 1 | O5: =IF(AND(L5="",M5=""),"",L5-IF(Ayarlar!$B$16>0,M5/Ayarlar!$B$16,0)) | P5: 5 | Q5: 0 | S5: =IF(AND(P5="",Q5=""),"",P5-IF(Ayarlar!$B$16>0,Q5/Ayarlar!$B$16,0)) | T5: 7 | U5: 1 | W5: =IF(AND(T5="",U5=""),"",T5-IF(Ayarlar!$B$16>0,U5/Ayarlar!$B$16,0)) | X5: 3 | Y5: 6 | AA5: =IF(AND(X5="",Y5=""),"",X5-IF(Ayarlar!$B$16>0,Y5/Ayarlar!$B$16,0)) | AB5: 5 | AC5: 1 | AE5: =IF(AND(AB5="",AC5=""),"",AB5-IF(Ayarlar!$B$16>0,AC5/Ayarlar!$B$16,0)) | AF5: 3 | AG5: 6 | AI5: =IF(AND(AF5="",AG5=""),"",AF5-IF(Ayarlar!$B$16>0,AG5/Ayarlar!$B$16,0)) | AJ5: =IF(COUNT(D5,E5,H5,I5,L5,M5,P5,Q5,T5,U5,X5,Y5,AB5,AC5,AF5,AG5)=0,"",D5+H5+L5+P5+T5+X5+AB5+AF5) | AK5: =IF(COUNT(D5,E5,H5,I5,L5,M5,P5,Q5,T5,U5,X5,Y5,AB5,AC5,AF5,AG5)=0,"",E5+I5+M5+Q5+U5+Y5+AC5+AG5) | AL5: =IF(COUNT(D5,E5,H5,I5,L5,M5,P5,Q5,T5,U5,X5,Y5,AB5,AC5,AF5,AG5)=0,"",IF(ISNUMBER(G5),IF(F5="",Ayarlar!$B$4,F5),0)+IF(ISNUMBER(K5),IF(J5="",Ayarlar!$B$5,J5),0)+IF(ISNUMBER(O5),IF(N5="",Ayarlar!$B$6,N5),0)+IF(ISNUMBER(S5),IF(R5="",Ayarlar!$B$7,R5),0)+IF(ISNUMBER(W5),IF(V5="",Ayarlar!$B$8,V5),0)+IF(ISNUMBER(AA5),IF(Z5="",Ayarlar!$B$9,Z5),0)+IF(ISNUMBER(AE5),IF(AD5="",Ayarlar!$B$10,AD5),0)+IF(ISNUMBER(AI5),IF(AH5="",Ayarlar!$B$11,AH5),0)) | AM5: =IF(COUNT(D5,E5,H5,I5,L5,M5,P5,Q5,T5,U5,X5,Y5,AB5,AC5,AF5,AG5)=0,"",AL5-AJ5-AK5) | AN5: =IF(COUNT(D5,E5,H5,I5,L5,M5,P5,Q5,T5,U5,X5,Y5,AB5,AC5,AF5,AG5)=0,"",SUM(G5,K5,O5,S5,W5,AA5,AE5,AI5)) | AO5: =IF(OR(COUNT(D5,E5,H5,I5,L5,M5,P5,Q5,T5,U5,X5,Y5,AB5,AC5,AF5,AG5)=0,N(AL5)=0),"",AN5/AL5) | AQ5: =IFERROR((IF(Ayarlar!$B$21=Ayarlar!$E$21,N(G5),0)+IF(Ayarlar!$B$22=Ayarlar!$E$21,N(K5),0)+IF(Ayarlar!$B$23=Ayarlar!$E$21,N(O5),0)+IF(Ayarlar!$B$24=Ayarlar!$E$21,N(S5),0)+IF(Ayarlar!$B$25=Ayarlar!$E$21,N(W5),0)+IF(Ayarlar!$B$26=Ayarlar!$E$21,N(AA5),0)+IF(Ayarlar!$B$27=Ayarlar!$E$21,N(AE5),0)+IF(Ayarlar!$B$28=Ayarlar!$E$21,N(AI5),0))/(IF(AND(Ayarlar!$B$21=Ayarlar!$E$21,ISNUMBER(G5)),IF(F5="",Ayarlar!$B$4,F5),0)+IF(AND(Ayarlar!$B$22=Ayarlar!$E$21,ISNUMBER(K5)),IF(J5="",Ayarlar!$B$5,J5),0)+IF(AND(Ayarlar!$B$23=Ayarlar!$E$21,ISNUMBER(O5)),IF(N5="",Ayarlar!$B$6,N5),0)+IF(AND(Ayarlar!$B$24=Ayarlar!$E$21,ISNUMBER(S5)),IF(R5="",Ayarlar!$B$7,R5),0)+IF(AND(Ayarlar!$B$25=Ayarlar!$E$21,ISNUMBER(W5)),IF(V5="",Ayarlar!$B$8,V5),0)+IF(AND(Ayarlar!$B$26=Ayarlar!$E$21,ISNUMBER(AA5)),IF(Z5="",Ayarlar!$B$9,Z5),0)+IF(AND(Ayarlar!$B$27=Ayarlar!$E$21,ISNUMBER(AE5)),IF(AD5="",Ayarlar!$B$10,AD5),0)+IF(AND(Ayarlar!$B$28=Ayarlar!$E$21,ISNUMBER(AI5)),IF(AH5="",Ayarlar!$B$11,AH5),0))*Ayarlar!$F$21,"") | AR5: =IFERROR((IF(Ayarlar!$B$21=Ayarlar!$E$22,N(G5),0)+IF(Ayarlar!$B$22=Ayarlar!$E$22,N(K5),0)+IF(Ayarlar!$B$23=Ayarlar!$E$22,N(O5),0)+IF(Ayarlar!$B$24=Ayarlar!$E$22,N(S5),0)+IF(Ayarlar!$B$25=Ayarlar!$E$22,N(W5),0)+IF(Ayarlar!$B$26=Ayarlar!$E$22,N(AA5),0)+IF(Ayarlar!$B$27=Ayarlar!$E$22,N(AE5),0)+IF(Ayarlar!$B$28=Ayarlar!$E$22,N(AI5),0))/(IF(AND(Ayarlar!$B$21=Ayarlar!$E$22,ISNUMBER(G5)),IF(F5="",Ayarlar!$B$4,F5),0)+IF(AND(Ayarlar!$B$22=Ayarlar!$E$22,ISNUMBER(K5)),IF(J5="",Ayarlar!$B$5,J5),0)+IF(AND(Ayarlar!$B$23=Ayarlar!$E$22,ISNUMBER(O5)),IF(N5="",Ayarlar!$B$6,N5),0)+IF(AND(Ayarlar!$B$24=Ayarlar!$E$22,ISNUMBER(S5)),IF(R5="",Ayarlar!$B$7,R5),0)+IF(AND(Ayarlar!$B$25=Ayarlar!$E$22,ISNUMBER(W5)),IF(V5="",Ayarlar!$B$8,V5),0)+IF(AND(Ayarlar!$B$26=Ayarlar!$E$22,ISNUMBER(AA5)),IF(Z5="",Ayarlar!$B$9,Z5),0)+IF(AND(Ayarlar!$B$27=Ayarlar!$E$22,ISNUMBER(AE5)),IF(AD5="",Ayarlar!$B$10,AD5),0)+IF(AND(Ayarlar!$B$28=Ayarlar!$E$22,ISNUMBER(AI5)),IF(AH5="",Ayarlar!$B$11,AH5),0))*Ayarlar!$F$22,"") | AS5: =IFERROR((IF(Ayarlar!$B$21=Ayarlar!$E$23,N(G5),0)+IF(Ayarlar!$B$22=Ayarlar!$E$23,N(K5),0)+IF(Ayarlar!$B$23=Ayarlar!$E$23,N(O5),0)+IF(Ayarlar!$B$24=Ayarlar!$E$23,N(S5),0)+IF(Ayarlar!$B$25=Ayarlar!$E$23,N(W5),0)+IF(Ayarlar!$B$26=Ayarlar!$E$23,N(AA5),0)+IF(Ayarlar!$B$27=Ayarlar!$E$23,N(AE5),0)+IF(Ayarlar!$B$28=Ayarlar!$E$23,N(AI5),0))/(IF(AND(Ayarlar!$B$21=Ayarlar!$E$23,ISNUMBER(G5)),IF(F5="",Ayarlar!$B$4,F5),0)+IF(AND(Ayarlar!$B$22=Ayarlar!$E$23,ISNUMBER(K5)),IF(J5="",Ayarlar!$B$5,J5),0)+IF(AND(Ayarlar!$B$23=Ayarlar!$E$23,ISNUMBER(O5)),IF(N5="",Ayarlar!$B$6,N5),0)+IF(AND(Ayarlar!$B$24=Ayarlar!$E$23,ISNUMBER(S5)),IF(R5="",Ayarlar!$B$7,R5),0)+IF(AND(Ayarlar!$B$25=Ayarlar!$E$23,ISNUMBER(W5)),IF(V5="",Ayarlar!$B$8,V5),0)+IF(AND(Ayarlar!$B$26=Ayarlar!$E$23,ISNUMBER(AA5)),IF(Z5="",Ayarlar!$B$9,Z5),0)+IF(AND(Ayarlar!$B$27=Ayarlar!$E$23,ISNUMBER(AE5)),IF(AD5="",Ayarlar!$B$10,AD5),0)+IF(AND(Ayarlar!$B$28=Ayarlar!$E$23,ISNUMBER(AI5)),IF(AH5="",Ayarlar!$B$11,AH5),0))*Ayarlar!$F$23,"") | AT5: =IFERROR((IF(Ayarlar!$B$21=Ayarlar!$E$24,N(G5),0)+IF(Ayarlar!$B$22=Ayarlar!$E$24,N(K5),0)+IF(Ayarlar!$B$23=Ayarlar!$E$24,N(O5),0)+IF(Ayarlar!$B$24=Ayarlar!$E$24,N(S5),0)+IF(Ayarlar!$B$25=Ayarlar!$E$24,N(W5),0)+IF(Ayarlar!$B$26=Ayarlar!$E$24,N(AA5),0)+IF(Ayarlar!$B$27=Ayarlar!$E$24,N(AE5),0)+IF(Ayarlar!$B$28=Ayarlar!$E$24,N(AI5),0))/(IF(AND(Ayarlar!$B$21=Ayarlar!$E$24,ISNUMBER(G5)),IF(F5="",Ayarlar!$B$4,F5),0)+IF(AND(Ayarlar!$B$22=Ayarlar!$E$24,ISNUMBER(K5)),IF(J5="",Ayarlar!$B$5,J5),0)+IF(AND(Ayarlar!$B$23=Ayarlar!$E$24,ISNUMBER(O5)),IF(N5="",Ayarlar!$B$6,N5),0)+IF(AND(Ayarlar!$B$24=Ayarlar!$E$24,ISNUMBER(S5)),IF(R5="",Ayarlar!$B$7,R5),0)+IF(AND(Ayarlar!$B$25=Ayarlar!$E$24,ISNUMBER(W5)),IF(V5="",Ayarlar!$B$8,V5),0)+IF(AND(Ayarlar!$B$26=Ayarlar!$E$24,ISNUMBER(AA5)),IF(Z5="",Ayarlar!$B$9,Z5),0)+IF(AND(Ayarlar!$B$27=Ayarlar!$E$24,ISNUMBER(AE5)),IF(AD5="",Ayarlar!$B$10,AD5),0)+IF(AND(Ayarlar!$B$28=Ayarlar!$E$24,ISNUMBER(AI5)),IF(AH5="",Ayarlar!$B$11,AH5),0))*Ayarlar!$F$24,"") | AU5: =IF(COUNT(AQ5,AR5,AS5,AT5)<4,"",Ayarlar!$F$25+AQ5*Ayarlar!$G$21+AR5*Ayarlar!$G$22+AS5*Ayarlar!$G$23+AT5*Ayarlar!$G$24)
A6: 2 | G6: =IF(AND(D6="",E6=""),"",D6-IF(Ayarlar!$B$16>0,E6/Ayarlar!$B$16,0)) | K6: =IF(AND(H6="",I6=""),"",H6-IF(Ayarlar!$B$16>0,I6/Ayarlar!$B$16,0)) | O6: =IF(AND(L6="",M6=""),"",L6-IF(Ayarlar!$B$16>0,M6/Ayarlar!$B$16,0)) | S6: =IF(AND(P6="",Q6=""),"",P6-IF(Ayarlar!$B$16>0,Q6/Ayarlar!$B$16,0)) | W6: =IF(AND(T6="",U6=""),"",T6-IF(Ayarlar!$B$16>0,U6/Ayarlar!$B$16,0)) | AA6: =IF(AND(X6="",Y6=""),"",X6-IF(Ayarlar!$B$16>0,Y6/Ayarlar!$B$16,0)) | AE6: =IF(AND(AB6="",AC6=""),"",AB6-IF(Ayarlar!$B$16>0,AC6/Ayarlar!$B$16,0)) | AI6: =IF(AND(AF6="",AG6=""),"",AF6-IF(Ayarlar!$B$16>0,AG6/Ayarlar!$B$16,0)) | AJ6: =IF(COUNT(D6,E6,H6,I6,L6,M6,P6,Q6,T6,U6,X6,Y6,AB6,AC6,AF6,AG6)=0,"",D6+H6+L6+P6+T6+X6+AB6+AF6) | AK6: =IF(COUNT(D6,E6,H6,I6,L6,M6,P6,Q6,T6,U6,X6,Y6,AB6,AC6,AF6,AG6)=0,"",E6+I6+M6+Q6+U6+Y6+AC6+AG6) | AL6: =IF(COUNT(D6,E6,H6,I6,L6,M6,P6,Q6,T6,U6,X6,Y6,AB6,AC6,AF6,AG6)=0,"",IF(ISNUMBER(G6),IF(F6="",Ayarlar!$B$4,F6),0)+IF(ISNUMBER(K6),IF(J6="",Ayarlar!$B$5,J6),0)+IF(ISNUMBER(O6),IF(N6="",Ayarlar!$B$6,N6),0)+IF(ISNUMBER(S6),IF(R6="",Ayarlar!$B$7,R6),0)+IF(ISNUMBER(W6),IF(V6="",Ayarlar!$B$8,V6),0)+IF(ISNUMBER(AA6),IF(Z6="",Ayarlar!$B$9,Z6),0)+IF(ISNUMBER(AE6),IF(AD6="",Ayarlar!$B$10,AD6),0)+IF(ISNUMBER(AI6),IF(AH6="",Ayarlar!$B$11,AH6),0)) | AM6: =IF(COUNT(D6,E6,H6,I6,L6,M6,P6,Q6,T6,U6,X6,Y6,AB6,AC6,AF6,AG6)=0,"",AL6-AJ6-AK6) | AN6: =IF(COUNT(D6,E6,H6,I6,L6,M6,P6,Q6,T6,U6,X6,Y6,AB6,AC6,AF6,AG6)=0,"",SUM(G6,K6,O6,S6,W6,AA6,AE6,AI6)) | AO6: =IF(OR(COUNT(D6,E6,H6,I6,L6,M6,P6,Q6,T6,U6,X6,Y6,AB6,AC6,AF6,AG6)=0,N(AL6)=0),"",AN6/AL6) | AP6: =IF(OR(AO6="",AO5=""),"",AO6-AO5) | AQ6: =IFERROR((IF(Ayarlar!$B$21=Ayarlar!$E$21,N(G6),0)+IF(Ayarlar!$B$22=Ayarlar!$E$21,N(K6),0)+IF(Ayarlar!$B$23=Ayarlar!$E$21,N(O6),0)+IF(Ayarlar!$B$24=Ayarlar!$E$21,N(S6),0)+IF(Ayarlar!$B$25=Ayarlar!$E$21,N(W6),0)+IF(Ayarlar!$B$26=Ayarlar!$E$21,N(AA6),0)+IF(Ayarlar!$B$27=Ayarlar!$E$21,N(AE6),0)+IF(Ayarlar!$B$28=Ayarlar!$E$21,N(AI6),0))/(IF(AND(Ayarlar!$B$21=Ayarlar!$E$21,ISNUMBER(G6)),IF(F6="",Ayarlar!$B$4,F6),0)+IF(AND(Ayarlar!$B$22=Ayarlar!$E$21,ISNUMBER(K6)),IF(J6="",Ayarlar!$B$5,J6),0)+IF(AND(Ayarlar!$B$23=Ayarlar!$E$21,ISNUMBER(O6)),IF(N6="",Ayarlar!$B$6,N6),0)+IF(AND(Ayarlar!$B$24=Ayarlar!$E$21,ISNUMBER(S6)),IF(R6="",Ayarlar!$B$7,R6),0)+IF(AND(Ayarlar!$B$25=Ayarlar!$E$21,ISNUMBER(W6)),IF(V6="",Ayarlar!$B$8,V6),0)+IF(AND(Ayarlar!$B$26=Ayarlar!$E$21,ISNUMBER(AA6)),IF(Z6="",Ayarlar!$B$9,Z6),0)+IF(AND(Ayarlar!$B$27=Ayarlar!$E$21,ISNUMBER(AE6)),IF(AD6="",Ayarlar!$B$10,AD6),0)+IF(AND(Ayarlar!$B$28=Ayarlar!$E$21,ISNUMBER(AI6)),IF(AH6="",Ayarlar!$B$11,AH6),0))*Ayarlar!$F$21,"") | AR6: =IFERROR((IF(Ayarlar!$B$21=Ayarlar!$E$22,N(G6),0)+IF(Ayarlar!$B$22=Ayarlar!$E$22,N(K6),0)+IF(Ayarlar!$B$23=Ayarlar!$E$22,N(O6),0)+IF(Ayarlar!$B$24=Ayarlar!$E$22,N(S6),0)+IF(Ayarlar!$B$25=Ayarlar!$E$22,N(W6),0)+IF(Ayarlar!$B$26=Ayarlar!$E$22,N(AA6),0)+IF(Ayarlar!$B$27=Ayarlar!$E$22,N(AE6),0)+IF(Ayarlar!$B$28=Ayarlar!$E$22,N(AI6),0))/(IF(AND(Ayarlar!$B$21=Ayarlar!$E$22,ISNUMBER(G6)),IF(F6="",Ayarlar!$B$4,F6),0)+IF(AND(Ayarlar!$B$22=Ayarlar!$E$22,ISNUMBER(K6)),IF(J6="",Ayarlar!$B$5,J6),0)+IF(AND(Ayarlar!$B$23=Ayarlar!$E$22,ISNUMBER(O6)),IF(N6="",Ayarlar!$B$6,N6),0)+IF(AND(Ayarlar!$B$24=Ayarlar!$E$22,ISNUMBER(S6)),IF(R6="",Ayarlar!$B$7,R6),0)+IF(AND(Ayarlar!$B$25=Ayarlar!$E$22,ISNUMBER(W6)),IF(V6="",Ayarlar!$B$8,V6),0)+IF(AND(Ayarlar!$B$26=Ayarlar!$E$22,ISNUMBER(AA6)),IF(Z6="",Ayarlar!$B$9,Z6),0)+IF(AND(Ayarlar!$B$27=Ayarlar!$E$22,ISNUMBER(AE6)),IF(AD6="",Ayarlar!$B$10,AD6),0)+IF(AND(Ayarlar!$B$28=Ayarlar!$E$22,ISNUMBER(AI6)),IF(AH6="",Ayarlar!$B$11,AH6),0))*Ayarlar!$F$22,"") | AS6: =IFERROR((IF(Ayarlar!$B$21=Ayarlar!$E$23,N(G6),0)+IF(Ayarlar!$B$22=Ayarlar!$E$23,N(K6),0)+IF(Ayarlar!$B$23=Ayarlar!$E$23,N(O6),0)+IF(Ayarlar!$B$24=Ayarlar!$E$23,N(S6),0)+IF(Ayarlar!$B$25=Ayarlar!$E$23,N(W6),0)+IF(Ayarlar!$B$26=Ayarlar!$E$23,N(AA6),0)+IF(Ayarlar!$B$27=Ayarlar!$E$23,N(AE6),0)+IF(Ayarlar!$B$28=Ayarlar!$E$23,N(AI6),0))/(IF(AND(Ayarlar!$B$21=Ayarlar!$E$23,ISNUMBER(G6)),IF(F6="",Ayarlar!$B$4,F6),0)+IF(AND(Ayarlar!$B$22=Ayarlar!$E$23,ISNUMBER(K6)),IF(J6="",Ayarlar!$B$5,J6),0)+IF(AND(Ayarlar!$B$23=Ayarlar!$E$23,ISNUMBER(O6)),IF(N6="",Ayarlar!$B$6,N6),0)+IF(AND(Ayarlar!$B$24=Ayarlar!$E$23,ISNUMBER(S6)),IF(R6="",Ayarlar!$B$7,R6),0)+IF(AND(Ayarlar!$B$25=Ayarlar!$E$23,ISNUMBER(W6)),IF(V6="",Ayarlar!$B$8,V6),0)+IF(AND(Ayarlar!$B$26=Ayarlar!$E$23,ISNUMBER(AA6)),IF(Z6="",Ayarlar!$B$9,Z6),0)+IF(AND(Ayarlar!$B$27=Ayarlar!$E$23,ISNUMBER(AE6)),IF(AD6="",Ayarlar!$B$10,AD6),0)+IF(AND(Ayarlar!$B$28=Ayarlar!$E$23,ISNUMBER(AI6)),IF(AH6="",Ayarlar!$B$11,AH6),0))*Ayarlar!$F$23,"") | AT6: =IFERROR((IF(Ayarlar!$B$21=Ayarlar!$E$24,N(G6),0)+IF(Ayarlar!$B$22=Ayarlar!$E$24,N(K6),0)+IF(Ayarlar!$B$23=Ayarlar!$E$24,N(O6),0)+IF(Ayarlar!$B$24=Ayarlar!$E$24,N(S6),0)+IF(Ayarlar!$B$25=Ayarlar!$E$24,N(W6),0)+IF(Ayarlar!$B$26=Ayarlar!$E$24,N(AA6),0)+IF(Ayarlar!$B$27=Ayarlar!$E$24,N(AE6),0)+IF(Ayarlar!$B$28=Ayarlar!$E$24,N(AI6),0))/(IF(AND(Ayarlar!$B$21=Ayarlar!$E$24,ISNUMBER(G6)),IF(F6="",Ayarlar!$B$4,F6),0)+IF(AND(Ayarlar!$B$22=Ayarlar!$E$24,ISNUMBER(K6)),IF(J6="",Ayarlar!$B$5,J6),0)+IF(AND(Ayarlar!$B$23=Ayarlar!$E$24,ISNUMBER(O6)),IF(N6="",Ayarlar!$B$6,N6),0)+IF(AND(Ayarlar!$B$24=Ayarlar!$E$24,ISNUMBER(S6)),IF(R6="",Ayarlar!$B$7,R6),0)+IF(AND(Ayarlar!$B$25=Ayarlar!$E$24,ISNUMBER(W6)),IF(V6="",Ayarlar!$B$8,V6),0)+IF(AND(Ayarlar!$B$26=Ayarlar!$E$24,ISNUMBER(AA6)),IF(Z6="",Ayarlar!$B$9,Z6),0)+IF(AND(Ayarlar!$B$27=Ayarlar!$E$24,ISNUMBER(AE6)),IF(AD6="",Ayarlar!$B$10,AD6),0)+IF(AND(Ayarlar!$B$28=Ayarlar!$E$24,ISNUMBER(AI6)),IF(AH6="",Ayarlar!$B$11,AH6),0))*Ayarlar!$F$24,"") | AU6: =IF(COUNT(AQ6,AR6,AS6,AT6)<4,"",Ayarlar!$F$25+AQ6*Ayarlar!$G$21+AR6*Ayarlar!$G$22+AS6*Ayarlar!$G$23+AT6*Ayarlar!$G$24)
A7: 3 | G7: =IF(AND(D7="",E7=""),"",D7-IF(Ayarlar!$B$16>0,E7/Ayarlar!$B$16,0)) | K7: =IF(AND(H7="",I7=""),"",H7-IF(Ayarlar!$B$16>0,I7/Ayarlar!$B$16,0)) | O7: =IF(AND(L7="",M7=""),"",L7-IF(Ayarlar!$B$16>0,M7/Ayarlar!$B$16,0)) | S7: =IF(AND(P7="",Q7=""),"",P7-IF(Ayarlar!$B$16>0,Q7/Ayarlar!$B$16,0)) | W7: =IF(AND(T7="",U7=""),"",T7-IF(Ayarlar!$B$16>0,U7/Ayarlar!$B$16,0)) | AA7: =IF(AND(X7="",Y7=""),"",X7-IF(Ayarlar!$B$16>0,Y7/Ayarlar!$B$16,0)) | AE7: =IF(AND(AB7="",AC7=""),"",AB7-IF(Ayarlar!$B$16>0,AC7/Ayarlar!$B$16,0)) | AI7: =IF(AND(AF7="",AG7=""),"",AF7-IF(Ayarlar!$B$16>0,AG7/Ayarlar!$B$16,0)) | AJ7: =IF(COUNT(D7,E7,H7,I7,L7,M7,P7,Q7,T7,U7,X7,Y7,AB7,AC7,AF7,AG7)=0,"",D7+H7+L7+P7+T7+X7+AB7+AF7) | AK7: =IF(COUNT(D7,E7,H7,I7,L7,M7,P7,Q7,T7,U7,X7,Y7,AB7,AC7,AF7,AG7)=0,"",E7+I7+M7+Q7+U7+Y7+AC7+AG7) | AL7: =IF(COUNT(D7,E7,H7,I7,L7,M7,P7,Q7,T7,U7,X7,Y7,AB7,AC7,AF7,AG7)=0,"",IF(ISNUMBER(G7),IF(F7="",Ayarlar!$B$4,F7),0)+IF(ISNUMBER(K7),IF(J7="",Ayarlar!$B$5,J7),0)+IF(ISNUMBER(O7),IF(N7="",Ayarlar!$B$6,N7),0)+IF(ISNUMBER(S7),IF(R7="",Ayarlar!$B$7,R7),0)+IF(ISNUMBER(W7),IF(V7="",Ayarlar!$B$8,V7),0)+IF(ISNUMBER(AA7),IF(Z7="",Ayarlar!$B$9,Z7),0)+IF(ISNUMBER(AE7),IF(AD7="",Ayarlar!$B$10,AD7),0)+IF(ISNUMBER(AI7),IF(AH7="",Ayarlar!$B$11,AH7),0)) | AM7: =IF(COUNT(D7,E7,H7,I7,L7,M7,P7,Q7,T7,U7,X7,Y7,AB7,AC7,AF7,AG7)=0,"",AL7-AJ7-AK7) | AN7: =IF(COUNT(D7,E7,H7,I7,L7,M7,P7,Q7,T7,U7,X7,Y7,AB7,AC7,AF7,AG7)=0,"",SUM(G7,K7,O7,S7,W7,AA7,AE7,AI7)) | AO7: =IF(OR(COUNT(D7,E7,H7,I7,L7,M7,P7,Q7,T7,U7,X7,Y7,AB7,AC7,AF7,AG7)=0,N(AL7)=0),"",AN7/AL7) | AP7: =IF(OR(AO7="",AO6=""),"",AO7-AO6) | AQ7: =IFERROR((IF(Ayarlar!$B$21=Ayarlar!$E$21,N(G7),0)+IF(Ayarlar!$B$22=Ayarlar!$E$21,N(K7),0)+IF(Ayarlar!$B$23=Ayarlar!$E$21,N(O7),0)+IF(Ayarlar!$B$24=Ayarlar!$E$21,N(S7),0)+IF(Ayarlar!$B$25=Ayarlar!$E$21,N(W7),0)+IF(Ayarlar!$B$26=Ayarlar!$E$21,N(AA7),0)+IF(Ayarlar!$B$27=Ayarlar!$E$21,N(AE7),0)+IF(Ayarlar!$B$28=Ayarlar!$E$21,N(AI7),0))/(IF(AND(Ayarlar!$B$21=Ayarlar!$E$21,ISNUMBER(G7)),IF(F7="",Ayarlar!$B$4,F7),0)+IF(AND(Ayarlar!$B$22=Ayarlar!$E$21,ISNUMBER(K7)),IF(J7="",Ayarlar!$B$5,J7),0)+IF(AND(Ayarlar!$B$23=Ayarlar!$E$21,ISNUMBER(O7)),IF(N7="",Ayarlar!$B$6,N7),0)+IF(AND(Ayarlar!$B$24=Ayarlar!$E$21,ISNUMBER(S7)),IF(R7="",Ayarlar!$B$7,R7),0)+IF(AND(Ayarlar!$B$25=Ayarlar!$E$21,ISNUMBER(W7)),IF(V7="",Ayarlar!$B$8,V7),0)+IF(AND(Ayarlar!$B$26=Ayarlar!$E$21,ISNUMBER(AA7)),IF(Z7="",Ayarlar!$B$9,Z7),0)+IF(AND(Ayarlar!$B$27=Ayarlar!$E$21,ISNUMBER(AE7)),IF(AD7="",Ayarlar!$B$10,AD7),0)+IF(AND(Ayarlar!$B$28=Ayarlar!$E$21,ISNUMBER(AI7)),IF(AH7="",Ayarlar!$B$11,AH7),0))*Ayarlar!$F$21,"") | AR7: =IFERROR((IF(Ayarlar!$B$21=Ayarlar!$E$22,N(G7),0)+IF(Ayarlar!$B$22=Ayarlar!$E$22,N(K7),0)+IF(Ayarlar!$B$23=Ayarlar!$E$22,N(O7),0)+IF(Ayarlar!$B$24=Ayarlar!$E$22,N(S7),0)+IF(Ayarlar!$B$25=Ayarlar!$E$22,N(W7),0)+IF(Ayarlar!$B$26=Ayarlar!$E$22,N(AA7),0)+IF(Ayarlar!$B$27=Ayarlar!$E$22,N(AE7),0)+IF(Ayarlar!$B$28=Ayarlar!$E$22,N(AI7),0))/(IF(AND(Ayarlar!$B$21=Ayarlar!$E$22,ISNUMBER(G7)),IF(F7="",Ayarlar!$B$4,F7),0)+IF(AND(Ayarlar!$B$22=Ayarlar!$E$22,ISNUMBER(K7)),IF(J7="",Ayarlar!$B$5,J7),0)+IF(AND(Ayarlar!$B$23=Ayarlar!$E$22,ISNUMBER(O7)),IF(N7="",Ayarlar!$B$6,N7),0)+IF(AND(Ayarlar!$B$24=Ayarlar!$E$22,ISNUMBER(S7)),IF(R7="",Ayarlar!$B$7,R7),0)+IF(AND(Ayarlar!$B$25=Ayarlar!$E$22,ISNUMBER(W7)),IF(V7="",Ayarlar!$B$8,V7),0)+IF(AND(Ayarlar!$B$26=Ayarlar!$E$22,ISNUMBER(AA7)),IF(Z7="",Ayarlar!$B$9,Z7),0)+IF(AND(Ayarlar!$B$27=Ayarlar!$E$22,ISNUMBER(AE7)),IF(AD7="",Ayarlar!$B$10,AD7),0)+IF(AND(Ayarlar!$B$28=Ayarlar!$E$22,ISNUMBER(AI7)),IF(AH7="",Ayarlar!$B$11,AH7),0))*Ayarlar!$F$22,"") | AS7: =IFERROR((IF(Ayarlar!$B$21=Ayarlar!$E$23,N(G7),0)+IF(Ayarlar!$B$22=Ayarlar!$E$23,N(K7),0)+IF(Ayarlar!$B$23=Ayarlar!$E$23,N(O7),0)+IF(Ayarlar!$B$24=Ayarlar!$E$23,N(S7),0)+IF(Ayarlar!$B$25=Ayarlar!$E$23,N(W7),0)+IF(Ayarlar!$B$26=Ayarlar!$E$23,N(AA7),0)+IF(Ayarlar!$B$27=Ayarlar!$E$23,N(AE7),0)+IF(Ayarlar!$B$28=Ayarlar!$E$23,N(AI7),0))/(IF(AND(Ayarlar!$B$21=Ayarlar!$E$23,ISNUMBER(G7)),IF(F7="",Ayarlar!$B$4,F7),0)+IF(AND(Ayarlar!$B$22=Ayarlar!$E$23,ISNUMBER(K7)),IF(J7="",Ayarlar!$B$5,J7),0)+IF(AND(Ayarlar!$B$23=Ayarlar!$E$23,ISNUMBER(O7)),IF(N7="",Ayarlar!$B$6,N7),0)+IF(AND(Ayarlar!$B$24=Ayarlar!$E$23,ISNUMBER(S7)),IF(R7="",Ayarlar!$B$7,R7),0)+IF(AND(Ayarlar!$B$25=Ayarlar!$E$23,ISNUMBER(W7)),IF(V7="",Ayarlar!$B$8,V7),0)+IF(AND(Ayarlar!$B$26=Ayarlar!$E$23,ISNUMBER(AA7)),IF(Z7="",Ayarlar!$B$9,Z7),0)+IF(AND(Ayarlar!$B$27=Ayarlar!$E$23,ISNUMBER(AE7)),IF(AD7="",Ayarlar!$B$10,AD7),0)+IF(AND(Ayarlar!$B$28=Ayarlar!$E$23,ISNUMBER(AI7)),IF(AH7="",Ayarlar!$B$11,AH7),0))*Ayarlar!$F$23,"") | AT7: =IFERROR((IF(Ayarlar!$B$21=Ayarlar!$E$24,N(G7),0)+IF(Ayarlar!$B$22=Ayarlar!$E$24,N(K7),0)+IF(Ayarlar!$B$23=Ayarlar!$E$24,N(O7),0)+IF(Ayarlar!$B$24=Ayarlar!$E$24,N(S7),0)+IF(Ayarlar!$B$25=Ayarlar!$E$24,N(W7),0)+IF(Ayarlar!$B$26=Ayarlar!$E$24,N(AA7),0)+IF(Ayarlar!$B$27=Ayarlar!$E$24,N(AE7),0)+IF(Ayarlar!$B$28=Ayarlar!$E$24,N(AI7),0))/(IF(AND(Ayarlar!$B$21=Ayarlar!$E$24,ISNUMBER(G7)),IF(F7="",Ayarlar!$B$4,F7),0)+IF(AND(Ayarlar!$B$22=Ayarlar!$E$24,ISNUMBER(K7)),IF(J7="",Ayarlar!$B$5,J7),0)+IF(AND(Ayarlar!$B$23=Ayarlar!$E$24,ISNUMBER(O7)),IF(N7="",Ayarlar!$B$6,N7),0)+IF(AND(Ayarlar!$B$24=Ayarlar!$E$24,ISNUMBER(S7)),IF(R7="",Ayarlar!$B$7,R7),0)+IF(AND(Ayarlar!$B$25=Ayarlar!$E$24,ISNUMBER(W7)),IF(V7="",Ayarlar!$B$8,V7),0)+IF(AND(Ayarlar!$B$26=Ayarlar!$E$24,ISNUMBER(AA7)),IF(Z7="",Ayarlar!$B$9,Z7),0)+IF(AND(Ayarlar!$B$27=Ayarlar!$E$24,ISNUMBER(AE7)),IF(AD7="",Ayarlar!$B$10,AD7),0)+IF(AND(Ayarlar!$B$28=Ayarlar!$E$24,ISNUMBER(AI7)),IF(AH7="",Ayarlar!$B$11,AH7),0))*Ayarlar!$F$24,"") | AU7: =IF(COUNT(AQ7,AR7,AS7,AT7)<4,"",Ayarlar!$F$25+AQ7*Ayarlar!$G$21+AR7*Ayarlar!$G$22+AS7*Ayarlar!$G$23+AT7*Ayarlar!$G$24)
A8: 4 | G8: =IF(AND(D8="",E8=""),"",D8-IF(Ayarlar!$B$16>0,E8/Ayarlar!$B$16,0)) | K8: =IF(AND(H8="",I8=""),"",H8-IF(Ayarlar!$B$16>0,I8/Ayarlar!$B$16,0)) | O8: =IF(AND(L8="",M8=""),"",L8-IF(Ayarlar!$B$16>0,M8/Ayarlar!$B$16,0)) | S8: =IF(AND(P8="",Q8=""),"",P8-IF(Ayarlar!$B$16>0,Q8/Ayarlar!$B$16,0)) | W8: =IF(AND(T8="",U8=""),"",T8-IF(Ayarlar!$B$16>0,U8/Ayarlar!$B$16,0)) | AA8: =IF(AND(X8="",Y8=""),"",X8-IF(Ayarlar!$B$16>0,Y8/Ayarlar!$B$16,0)) | AE8: =IF(AND(AB8="",AC8=""),"",AB8-IF(Ayarlar!$B$16>0,AC8/Ayarlar!$B$16,0)) | AI8: =IF(AND(AF8="",AG8=""),"",AF8-IF(Ayarlar!$B$16>0,AG8/Ayarlar!$B$16,0)) | AJ8: =IF(COUNT(D8,E8,H8,I8,L8,M8,P8,Q8,T8,U8,X8,Y8,AB8,AC8,AF8,AG8)=0,"",D8+H8+L8+P8+T8+X8+AB8+AF8) | AK8: =IF(COUNT(D8,E8,H8,I8,L8,M8,P8,Q8,T8,U8,X8,Y8,AB8,AC8,AF8,AG8)=0,"",E8+I8+M8+Q8+U8+Y8+AC8+AG8) | AL8: =IF(COUNT(D8,E8,H8,I8,L8,M8,P8,Q8,T8,U8,X8,Y8,AB8,AC8,AF8,AG8)=0,"",IF(ISNUMBER(G8),IF(F8="",Ayarlar!$B$4,F8),0)+IF(ISNUMBER(K8),IF(J8="",Ayarlar!$B$5,J8),0)+IF(ISNUMBER(O8),IF(N8="",Ayarlar!$B$6,N8),0)+IF(ISNUMBER(S8),IF(R8="",Ayarlar!$B$7,R8),0)+IF(ISNUMBER(W8),IF(V8="",Ayarlar!$B$8,V8),0)+IF(ISNUMBER(AA8),IF(Z8="",Ayarlar!$B$9,Z8),0)+IF(ISNUMBER(AE8),IF(AD8="",Ayarlar!$B$10,AD8),0)+IF(ISNUMBER(AI8),IF(AH8="",Ayarlar!$B$11,AH8),0)) | AM8: =IF(COUNT(D8,E8,H8,I8,L8,M8,P8,Q8,T8,U8,X8,Y8,AB8,AC8,AF8,AG8)=0,"",AL8-AJ8-AK8) | AN8: =IF(COUNT(D8,E8,H8,I8,L8,M8,P8,Q8,T8,U8,X8,Y8,AB8,AC8,AF8,AG8)=0,"",SUM(G8,K8,O8,S8,W8,AA8,AE8,AI8)) | AO8: =IF(OR(COUNT(D8,E8,H8,I8,L8,M8,P8,Q8,T8,U8,X8,Y8,AB8,AC8,AF8,AG8)=0,N(AL8)=0),"",AN8/AL8) | AP8: =IF(OR(AO8="",AO7=""),"",AO8-AO7) | AQ8: =IFERROR((IF(Ayarlar!$B$21=Ayarlar!$E$21,N(G8),0)+IF(Ayarlar!$B$22=Ayarlar!$E$21,N(K8),0)+IF(Ayarlar!$B$23=Ayarlar!$E$21,N(O8),0)+IF(Ayarlar!$B$24=Ayarlar!$E$21,N(S8),0)+IF(Ayarlar!$B$25=Ayarlar!$E$21,N(W8),0)+IF(Ayarlar!$B$26=Ayarlar!$E$21,N(AA8),0)+IF(Ayarlar!$B$27=Ayarlar!$E$21,N(AE8),0)+IF(Ayarlar!$B$28=Ayarlar!$E$21,N(AI8),0))/(IF(AND(Ayarlar!$B$21=Ayarlar!$E$21,ISNUMBER(G8)),IF(F8="",Ayarlar!$B$4,F8),0)+IF(AND(Ayarlar!$B$22=Ayarlar!$E$21,ISNUMBER(K8)),IF(J8="",Ayarlar!$B$5,J8),0)+IF(AND(Ayarlar!$B$23=Ayarlar!$E$21,ISNUMBER(O8)),IF(N8="",Ayarlar!$B$6,N8),0)+IF(AND(Ayarlar!$B$24=Ayarlar!$E$21,ISNUMBER(S8)),IF(R8="",Ayarlar!$B$7,R8),0)+IF(AND(Ayarlar!$B$25=Ayarlar!$E$21,ISNUMBER(W8)),IF(V8="",Ayarlar!$B$8,V8),0)+IF(AND(Ayarlar!$B$26=Ayarlar!$E$21,ISNUMBER(AA8)),IF(Z8="",Ayarlar!$B$9,Z8),0)+IF(AND(Ayarlar!$B$27=Ayarlar!$E$21,ISNUMBER(AE8)),IF(AD8="",Ayarlar!$B$10,AD8),0)+IF(AND(Ayarlar!$B$28=Ayarlar!$E$21,ISNUMBER(AI8)),IF(AH8="",Ayarlar!$B$11,AH8),0))*Ayarlar!$F$21,"") | AR8: =IFERROR((IF(Ayarlar!$B$21=Ayarlar!$E$22,N(G8),0)+IF(Ayarlar!$B$22=Ayarlar!$E$22,N(K8),0)+IF(Ayarlar!$B$23=Ayarlar!$E$22,N(O8),0)+IF(Ayarlar!$B$24=Ayarlar!$E$22,N(S8),0)+IF(Ayarlar!$B$25=Ayarlar!$E$22,N(W8),0)+IF(Ayarlar!$B$26=Ayarlar!$E$22,N(AA8),0)+IF(Ayarlar!$B$27=Ayarlar!$E$22,N(AE8),0)+IF(Ayarlar!$B$28=Ayarlar!$E$22,N(AI8),0))/(IF(AND(Ayarlar!$B$21=Ayarlar!$E$22,ISNUMBER(G8)),IF(F8="",Ayarlar!$B$4,F8),0)+IF(AND(Ayarlar!$B$22=Ayarlar!$E$22,ISNUMBER(K8)),IF(J8="",Ayarlar!$B$5,J8),0)+IF(AND(Ayarlar!$B$23=Ayarlar!$E$22,ISNUMBER(O8)),IF(N8="",Ayarlar!$B$6,N8),0)+IF(AND(Ayarlar!$B$24=Ayarlar!$E$22,ISNUMBER(S8)),IF(R8="",Ayarlar!$B$7,R8),0)+IF(AND(Ayarlar!$B$25=Ayarlar!$E$22,ISNUMBER(W8)),IF(V8="",Ayarlar!$B$8,V8),0)+IF(AND(Ayarlar!$B$26=Ayarlar!$E$22,ISNUMBER(AA8)),IF(Z8="",Ayarlar!$B$9,Z8),0)+IF(AND(Ayarlar!$B$27=Ayarlar!$E$22,ISNUMBER(AE8)),IF(AD8="",Ayarlar!$B$10,AD8),0)+IF(AND(Ayarlar!$B$28=Ayarlar!$E$22,ISNUMBER(AI8)),IF(AH8="",Ayarlar!$B$11,AH8),0))*Ayarlar!$F$22,"") | AS8: =IFERROR((IF(Ayarlar!$B$21=Ayarlar!$E$23,N(G8),0)+IF(Ayarlar!$B$22=Ayarlar!$E$23,N(K8),0)+IF(Ayarlar!$B$23=Ayarlar!$E$23,N(O8),0)+IF(Ayarlar!$B$24=Ayarlar!$E$23,N(S8),0)+IF(Ayarlar!$B$25=Ayarlar!$E$23,N(W8),0)+IF(Ayarlar!$B$26=Ayarlar!$E$23,N(AA8),0)+IF(Ayarlar!$B$27=Ayarlar!$E$23,N(AE8),0)+IF(Ayarlar!$B$28=Ayarlar!$E$23,N(AI8),0))/(IF(AND(Ayarlar!$B$21=Ayarlar!$E$23,ISNUMBER(G8)),IF(F8="",Ayarlar!$B$4,F8),0)+IF(AND(Ayarlar!$B$22=Ayarlar!$E$23,ISNUMBER(K8)),IF(J8="",Ayarlar!$B$5,J8),0)+IF(AND(Ayarlar!$B$23=Ayarlar!$E$23,ISNUMBER(O8)),IF(N8="",Ayarlar!$B$6,N8),0)+IF(AND(Ayarlar!$B$24=Ayarlar!$E$23,ISNUMBER(S8)),IF(R8="",Ayarlar!$B$7,R8),0)+IF(AND(Ayarlar!$B$25=Ayarlar!$E$23,ISNUMBER(W8)),IF(V8="",Ayarlar!$B$8,V8),0)+IF(AND(Ayarlar!$B$26=Ayarlar!$E$23,ISNUMBER(AA8)),IF(Z8="",Ayarlar!$B$9,Z8),0)+IF(AND(Ayarlar!$B$27=Ayarlar!$E$23,ISNUMBER(AE8)),IF(AD8="",Ayarlar!$B$10,AD8),0)+IF(AND(Ayarlar!$B$28=Ayarlar!$E$23,ISNUMBER(AI8)),IF(AH8="",Ayarlar!$B$11,AH8),0))*Ayarlar!$F$23,"") | AT8: =IFERROR((IF(Ayarlar!$B$21=Ayarlar!$E$24,N(G8),0)+IF(Ayarlar!$B$22=Ayarlar!$E$24,N(K8),0)+IF(Ayarlar!$B$23=Ayarlar!$E$24,N(O8),0)+IF(Ayarlar!$B$24=Ayarlar!$E$24,N(S8),0)+IF(Ayarlar!$B$25=Ayarlar!$E$24,N(W8),0)+IF(Ayarlar!$B$26=Ayarlar!$E$24,N(AA8),0)+IF(Ayarlar!$B$27=Ayarlar!$E$24,N(AE8),0)+IF(Ayarlar!$B$28=Ayarlar!$E$24,N(AI8),0))/(IF(AND(Ayarlar!$B$21=Ayarlar!$E$24,ISNUMBER(G8)),IF(F8="",Ayarlar!$B$4,F8),0)+IF(AND(Ayarlar!$B$22=Ayarlar!$E$24,ISNUMBER(K8)),IF(J8="",Ayarlar!$B$5,J8),0)+IF(AND(Ayarlar!$B$23=Ayarlar!$E$24,ISNUMBER(O8)),IF(N8="",Ayarlar!$B$6,N8),0)+IF(AND(Ayarlar!$B$24=Ayarlar!$E$24,ISNUMBER(S8)),IF(R8="",Ayarlar!$B$7,R8),0)+IF(AND(Ayarlar!$B$25=Ayarlar!$E$24,ISNUMBER(W8)),IF(V8="",Ayarlar!$B$8,V8),0)+IF(AND(Ayarlar!$B$26=Ayarlar!$E$24,ISNUMBER(AA8)),IF(Z8="",Ayarlar!$B$9,Z8),0)+IF(AND(Ayarlar!$B$27=Ayarlar!$E$24,ISNUMBER(AE8)),IF(AD8="",Ayarlar!$B$10,AD8),0)+IF(AND(Ayarlar!$B$28=Ayarlar!$E$24,ISNUMBER(AI8)),IF(AH8="",Ayarlar!$B$11,AH8),0))*Ayarlar!$F$24,"") | AU8: =IF(COUNT(AQ8,AR8,AS8,AT8)<4,"",Ayarlar!$F$25+AQ8*Ayarlar!$G$21+AR8*Ayarlar!$G$22+AS8*Ayarlar!$G$23+AT8*Ayarlar!$G$24)
A9: 5 | G9: =IF(AND(D9="",E9=""),"",D9-IF(Ayarlar!$B$16>0,E9/Ayarlar!$B$16,0)) | K9: =IF(AND(H9="",I9=""),"",H9-IF(Ayarlar!$B$16>0,I9/Ayarlar!$B$16,0)) | O9: =IF(AND(L9="",M9=""),"",L9-IF(Ayarlar!$B$16>0,M9/Ayarlar!$B$16,0)) | S9: =IF(AND(P9="",Q9=""),"",P9-IF(Ayarlar!$B$16>0,Q9/Ayarlar!$B$16,0)) | W9: =IF(AND(T9="",U9=""),"",T9-IF(Ayarlar!$B$16>0,U9/Ayarlar!$B$16,0)) | AA9: =IF(AND(X9="",Y9=""),"",X9-IF(Ayarlar!$B$16>0,Y9/Ayarlar!$B$16,0)) | AE9: =IF(AND(AB9="",AC9=""),"",AB9-IF(Ayarlar!$B$16>0,AC9/Ayarlar!$B$16,0)) | AI9: =IF(AND(AF9="",AG9=""),"",AF9-IF(Ayarlar!$B$16>0,AG9/Ayarlar!$B$16,0)) | AJ9: =IF(COUNT(D9,E9,H9,I9,L9,M9,P9,Q9,T9,U9,X9,Y9,AB9,AC9,AF9,AG9)=0,"",D9+H9+L9+P9+T9+X9+AB9+AF9) | AK9: =IF(COUNT(D9,E9,H9,I9,L9,M9,P9,Q9,T9,U9,X9,Y9,AB9,AC9,AF9,AG9)=0,"",E9+I9+M9+Q9+U9+Y9+AC9+AG9) | AL9: =IF(COUNT(D9,E9,H9,I9,L9,M9,P9,Q9,T9,U9,X9,Y9,AB9,AC9,AF9,AG9)=0,"",IF(ISNUMBER(G9),IF(F9="",Ayarlar!$B$4,F9),0)+IF(ISNUMBER(K9),IF(J9="",Ayarlar!$B$5,J9),0)+IF(ISNUMBER(O9),IF(N9="",Ayarlar!$B$6,N9),0)+IF(ISNUMBER(S9),IF(R9="",Ayarlar!$B$7,R9),0)+IF(ISNUMBER(W9),IF(V9="",Ayarlar!$B$8,V9),0)+IF(ISNUMBER(AA9),IF(Z9="",Ayarlar!$B$9,Z9),0)+IF(ISNUMBER(AE9),IF(AD9="",Ayarlar!$B$10,AD9),0)+IF(ISNUMBER(AI9),IF(AH9="",Ayarlar!$B$11,AH9),0)) | AM9: =IF(COUNT(D9,E9,H9,I9,L9,M9,P9,Q9,T9,U9,X9,Y9,AB9,AC9,AF9,AG9)=0,"",AL9-AJ9-AK9) | AN9: =IF(COUNT(D9,E9,H9,I9,L9,M9,P9,Q9,T9,U9,X9,Y9,AB9,AC9,AF9,AG9)=0,"",SUM(G9,K9,O9,S9,W9,AA9,AE9,AI9)) | AO9: =IF(OR(COUNT(D9,E9,H9,I9,L9,M9,P9,Q9,T9,U9,X9,Y9,AB9,AC9,AF9,AG9)=0,N(AL9)=0),"",AN9/AL9) | AP9: =IF(OR(AO9="",AO8=""),"",AO9-AO8) | AQ9: =IFERROR((IF(Ayarlar!$B$21=Ayarlar!$E$21,N(G9),0)+IF(Ayarlar!$B$22=Ayarlar!$E$21,N(K9),0)+IF(Ayarlar!$B$23=Ayarlar!$E$21,N(O9),0)+IF(Ayarlar!$B$24=Ayarlar!$E$21,N(S9),0)+IF(Ayarlar!$B$25=Ayarlar!$E$21,N(W9),0)+IF(Ayarlar!$B$26=Ayarlar!$E$21,N(AA9),0)+IF(Ayarlar!$B$27=Ayarlar!$E$21,N(AE9),0)+IF(Ayarlar!$B$28=Ayarlar!$E$21,N(AI9),0))/(IF(AND(Ayarlar!$B$21=Ayarlar!$E$21,ISNUMBER(G9)),IF(F9="",Ayarlar!$B$4,F9),0)+IF(AND(Ayarlar!$B$22=Ayarlar!$E$21,ISNUMBER(K9)),IF(J9="",Ayarlar!$B$5,J9),0)+IF(AND(Ayarlar!$B$23=Ayarlar!$E$21,ISNUMBER(O9)),IF(N9="",Ayarlar!$B$6,N9),0)+IF(AND(Ayarlar!$B$24=Ayarlar!$E$21,ISNUMBER(S9)),IF(R9="",Ayarlar!$B$7,R9),0)+IF(AND(Ayarlar!$B$25=Ayarlar!$E$21,ISNUMBER(W9)),IF(V9="",Ayarlar!$B$8,V9),0)+IF(AND(Ayarlar!$B$26=Ayarlar!$E$21,ISNUMBER(AA9)),IF(Z9="",Ayarlar!$B$9,Z9),0)+IF(AND(Ayarlar!$B$27=Ayarlar!$E$21,ISNUMBER(AE9)),IF(AD9="",Ayarlar!$B$10,AD9),0)+IF(AND(Ayarlar!$B$28=Ayarlar!$E$21,ISNUMBER(AI9)),IF(AH9="",Ayarlar!$B$11,AH9),0))*Ayarlar!$F$21,"") | AR9: =IFERROR((IF(Ayarlar!$B$21=Ayarlar!$E$22,N(G9),0)+IF(Ayarlar!$B$22=Ayarlar!$E$22,N(K9),0)+IF(Ayarlar!$B$23=Ayarlar!$E$22,N(O9),0)+IF(Ayarlar!$B$24=Ayarlar!$E$22,N(S9),0)+IF(Ayarlar!$B$25=Ayarlar!$E$22,N(W9),0)+IF(Ayarlar!$B$26=Ayarlar!$E$22,N(AA9),0)+IF(Ayarlar!$B$27=Ayarlar!$E$22,N(AE9),0)+IF(Ayarlar!$B$28=Ayarlar!$E$22,N(AI9),0))/(IF(AND(Ayarlar!$B$21=Ayarlar!$E$22,ISNUMBER(G9)),IF(F9="",Ayarlar!$B$4,F9),0)+IF(AND(Ayarlar!$B$22=Ayarlar!$E$22,ISNUMBER(K9)),IF(J9="",Ayarlar!$B$5,J9),0)+IF(AND(Ayarlar!$B$23=Ayarlar!$E$22,ISNUMBER(O9)),IF(N9="",Ayarlar!$B$6,N9),0)+IF(AND(Ayarlar!$B$24=Ayarlar!$E$22,ISNUMBER(S9)),IF(R9="",Ayarlar!$B$7,R9),0)+IF(AND(Ayarlar!$B$25=Ayarlar!$E$22,ISNUMBER(W9)),IF(V9="",Ayarlar!$B$8,V9),0)+IF(AND(Ayarlar!$B$26=Ayarlar!$E$22,ISNUMBER(AA9)),IF(Z9="",Ayarlar!$B$9,Z9),0)+IF(AND(Ayarlar!$B$27=Ayarlar!$E$22,ISNUMBER(AE9)),IF(AD9="",Ayarlar!$B$10,AD9),0)+IF(AND(Ayarlar!$B$28=Ayarlar!$E$22,ISNUMBER(AI9)),IF(AH9="",Ayarlar!$B$11,AH9),0))*Ayarlar!$F$22,"") | AS9: =IFERROR((IF(Ayarlar!$B$21=Ayarlar!$E$23,N(G9),0)+IF(Ayarlar!$B$22=Ayarlar!$E$23,N(K9),0)+IF(Ayarlar!$B$23=Ayarlar!$E$23,N(O9),0)+IF(Ayarlar!$B$24=Ayarlar!$E$23,N(S9),0)+IF(Ayarlar!$B$25=Ayarlar!$E$23,N(W9),0)+IF(Ayarlar!$B$26=Ayarlar!$E$23,N(AA9),0)+IF(Ayarlar!$B$27=Ayarlar!$E$23,N(AE9),0)+IF(Ayarlar!$B$28=Ayarlar!$E$23,N(AI9),0))/(IF(AND(Ayarlar!$B$21=Ayarlar!$E$23,ISNUMBER(G9)),IF(F9="",Ayarlar!$B$4,F9),0)+IF(AND(Ayarlar!$B$22=Ayarlar!$E$23,ISNUMBER(K9)),IF(J9="",Ayarlar!$B$5,J9),0)+IF(AND(Ayarlar!$B$23=Ayarlar!$E$23,ISNUMBER(O9)),IF(N9="",Ayarlar!$B$6,N9),0)+IF(AND(Ayarlar!$B$24=Ayarlar!$E$23,ISNUMBER(S9)),IF(R9="",Ayarlar!$B$7,R9),0)+IF(AND(Ayarlar!$B$25=Ayarlar!$E$23,ISNUMBER(W9)),IF(V9="",Ayarlar!$B$8,V9),0)+IF(AND(Ayarlar!$B$26=Ayarlar!$E$23,ISNUMBER(AA9)),IF(Z9="",Ayarlar!$B$9,Z9),0)+IF(AND(Ayarlar!$B$27=Ayarlar!$E$23,ISNUMBER(AE9)),IF(AD9="",Ayarlar!$B$10,AD9),0)+IF(AND(Ayarlar!$B$28=Ayarlar!$E$23,ISNUMBER(AI9)),IF(AH9="",Ayarlar!$B$11,AH9),0))*Ayarlar!$F$23,"") | AT9: =IFERROR((IF(Ayarlar!$B$21=Ayarlar!$E$24,N(G9),0)+IF(Ayarlar!$B$22=Ayarlar!$E$24,N(K9),0)+IF(Ayarlar!$B$23=Ayarlar!$E$24,N(O9),0)+IF(Ayarlar!$B$24=Ayarlar!$E$24,N(S9),0)+IF(Ayarlar!$B$25=Ayarlar!$E$24,N(W9),0)+IF(Ayarlar!$B$26=Ayarlar!$E$24,N(AA9),0)+IF(Ayarlar!$B$27=Ayarlar!$E$24,N(AE9),0)+IF(Ayarlar!$B$28=Ayarlar!$E$24,N(AI9),0))/(IF(AND(Ayarlar!$B$21=Ayarlar!$E$24,ISNUMBER(G9)),IF(F9="",Ayarlar!$B$4,F9),0)+IF(AND(Ayarlar!$B$22=Ayarlar!$E$24,ISNUMBER(K9)),IF(J9="",Ayarlar!$B$5,J9),0)+IF(AND(Ayarlar!$B$23=Ayarlar!$E$24,ISNUMBER(O9)),IF(N9="",Ayarlar!$B$6,N9),0)+IF(AND(Ayarlar!$B$24=Ayarlar!$E$24,ISNUMBER(S9)),IF(R9="",Ayarlar!$B$7,R9),0)+IF(AND(Ayarlar!$B$25=Ayarlar!$E$24,ISNUMBER(W9)),IF(V9="",Ayarlar!$B$8,V9),0)+IF(AND(Ayarlar!$B$26=Ayarlar!$E$24,ISNUMBER(AA9)),IF(Z9="",Ayarlar!$B$9,Z9),0)+IF(AND(Ayarlar!$B$27=Ayarlar!$E$24,ISNUMBER(AE9)),IF(AD9="",Ayarlar!$B$10,AD9),0)+IF(AND(Ayarlar!$B$28=Ayarlar!$E$24,ISNUMBER(AI9)),IF(AH9="",Ayarlar!$B$11,AH9),0))*Ayarlar!$F$24,"") | AU9: =IF(COUNT(AQ9,AR9,AS9,AT9)<4,"",Ayarlar!$F$25+AQ9*Ayarlar!$G$21+AR9*Ayarlar!$G$22+AS9*Ayarlar!$G$23+AT9*Ayarlar!$G$24)
A10: 6 | G10: =IF(AND(D10="",E10=""),"",D10-IF(Ayarlar!$B$16>0,E10/Ayarlar!$B$16,0)) | K10: =IF(AND(H10="",I10=""),"",H10-IF(Ayarlar!$B$16>0,I10/Ayarlar!$B$16,0)) | O10: =IF(AND(L10="",M10=""),"",L10-IF(Ayarlar!$B$16>0,M10/Ayarlar!$B$16,0)) | S10: =IF(AND(P10="",Q10=""),"",P10-IF(Ayarlar!$B$16>0,Q10/Ayarlar!$B$16,0)) | W10: =IF(AND(T10="",U10=""),"",T10-IF(Ayarlar!$B$16>0,U10/Ayarlar!$B$16,0)) | AA10: =IF(AND(X10="",Y10=""),"",X10-IF(Ayarlar!$B$16>0,Y10/Ayarlar!$B$16,0)) | AE10: =IF(AND(AB10="",AC10=""),"",AB10-IF(Ayarlar!$B$16>0,AC10/Ayarlar!$B$16,0)) | AI10: =IF(AND(AF10="",AG10=""),"",AF10-IF(Ayarlar!$B$16>0,AG10/Ayarlar!$B$16,0)) | AJ10: =IF(COUNT(D10,E10,H10,I10,L10,M10,P10,Q10,T10,U10,X10,Y10,AB10,AC10,AF10,AG10)=0,"",D10+H10+L10+P10+T10+X10+AB10+AF10) | AK10: =IF(COUNT(D10,E10,H10,I10,L10,M10,P10,Q10,T10,U10,X10,Y10,AB10,AC10,AF10,AG10)=0,"",E10+I10+M10+Q10+U10+Y10+AC10+AG10) | AL10: =IF(COUNT(D10,E10,H10,I10,L10,M10,P10,Q10,T10,U10,X10,Y10,AB10,AC10,AF10,AG10)=0,"",IF(ISNUMBER(G10),IF(F10="",Ayarlar!$B$4,F10),0)+IF(ISNUMBER(K10),IF(J10="",Ayarlar!$B$5,J10),0)+IF(ISNUMBER(O10),IF(N10="",Ayarlar!$B$6,N10),0)+IF(ISNUMBER(S10),IF(R10="",Ayarlar!$B$7,R10),0)+IF(ISNUMBER(W10),IF(V10="",Ayarlar!$B$8,V10),0)+IF(ISNUMBER(AA10),IF(Z10="",Ayarlar!$B$9,Z10),0)+IF(ISNUMBER(AE10),IF(AD10="",Ayarlar!$B$10,AD10),0)+IF(ISNUMBER(AI10),IF(AH10="",Ayarlar!$B$11,AH10),0)) | AM10: =IF(COUNT(D10,E10,H10,I10,L10,M10,P10,Q10,T10,U10,X10,Y10,AB10,AC10,AF10,AG10)=0,"",AL10-AJ10-AK10) | AN10: =IF(COUNT(D10,E10,H10,I10,L10,M10,P10,Q10,T10,U10,X10,Y10,AB10,AC10,AF10,AG10)=0,"",SUM(G10,K10,O10,S10,W10,AA10,AE10,AI10)) | AO10: =IF(OR(COUNT(D10,E10,H10,I10,L10,M10,P10,Q10,T10,U10,X10,Y10,AB10,AC10,AF10,AG10)=0,N(AL10)=0),"",AN10/AL10) | AP10: =IF(OR(AO10="",AO9=""),"",AO10-AO9) | AQ10: =IFERROR((IF(Ayarlar!$B$21=Ayarlar!$E$21,N(G10),0)+IF(Ayarlar!$B$22=Ayarlar!$E$21,N(K10),0)+IF(Ayarlar!$B$23=Ayarlar!$E$21,N(O10),0)+IF(Ayarlar!$B$24=Ayarlar!$E$21,N(S10),0)+IF(Ayarlar!$B$25=Ayarlar!$E$21,N(W10),0)+IF(Ayarlar!$B$26=Ayarlar!$E$21,N(AA10),0)+IF(Ayarlar!$B$27=Ayarlar!$E$21,N(AE10),0)+IF(Ayarlar!$B$28=Ayarlar!$E$21,N(AI10),0))/(IF(AND(Ayarlar!$B$21=Ayarlar!$E$21,ISNUMBER(G10)),IF(F10="",Ayarlar!$B$4,F10),0)+IF(AND(Ayarlar!$B$22=Ayarlar!$E$21,ISNUMBER(K10)),IF(J10="",Ayarlar!$B$5,J10),0)+IF(AND(Ayarlar!$B$23=Ayarlar!$E$21,ISNUMBER(O10)),IF(N10="",Ayarlar!$B$6,N10),0)+IF(AND(Ayarlar!$B$24=Ayarlar!$E$21,ISNUMBER(S10)),IF(R10="",Ayarlar!$B$7,R10),0)+IF(AND(Ayarlar!$B$25=Ayarlar!$E$21,ISNUMBER(W10)),IF(V10="",Ayarlar!$B$8,V10),0)+IF(AND(Ayarlar!$B$26=Ayarlar!$E$21,ISNUMBER(AA10)),IF(Z10="",Ayarlar!$B$9,Z10),0)+IF(AND(Ayarlar!$B$27=Ayarlar!$E$21,ISNUMBER(AE10)),IF(AD10="",Ayarlar!$B$10,AD10),0)+IF(AND(Ayarlar!$B$28=Ayarlar!$E$21,ISNUMBER(AI10)),IF(AH10="",Ayarlar!$B$11,AH10),0))*Ayarlar!$F$21,"") | AR10: =IFERROR((IF(Ayarlar!$B$21=Ayarlar!$E$22,N(G10),0)+IF(Ayarlar!$B$22=Ayarlar!$E$22,N(K10),0)+IF(Ayarlar!$B$23=Ayarlar!$E$22,N(O10),0)+IF(Ayarlar!$B$24=Ayarlar!$E$22,N(S10),0)+IF(Ayarlar!$B$25=Ayarlar!$E$22,N(W10),0)+IF(Ayarlar!$B$26=Ayarlar!$E$22,N(AA10),0)+IF(Ayarlar!$B$27=Ayarlar!$E$22,N(AE10),0)+IF(Ayarlar!$B$28=Ayarlar!$E$22,N(AI10),0))/(IF(AND(Ayarlar!$B$21=Ayarlar!$E$22,ISNUMBER(G10)),IF(F10="",Ayarlar!$B$4,F10),0)+IF(AND(Ayarlar!$B$22=Ayarlar!$E$22,ISNUMBER(K10)),IF(J10="",Ayarlar!$B$5,J10),0)+IF(AND(Ayarlar!$B$23=Ayarlar!$E$22,ISNUMBER(O10)),IF(N10="",Ayarlar!$B$6,N10),0)+IF(AND(Ayarlar!$B$24=Ayarlar!$E$22,ISNUMBER(S10)),IF(R10="",Ayarlar!$B$7,R10),0)+IF(AND(Ayarlar!$B$25=Ayarlar!$E$22,ISNUMBER(W10)),IF(V10="",Ayarlar!$B$8,V10),0)+IF(AND(Ayarlar!$B$26=Ayarlar!$E$22,ISNUMBER(AA10)),IF(Z10="",Ayarlar!$B$9,Z10),0)+IF(AND(Ayarlar!$B$27=Ayarlar!$E$22,ISNUMBER(AE10)),IF(AD10="",Ayarlar!$B$10,AD10),0)+IF(AND(Ayarlar!$B$28=Ayarlar!$E$22,ISNUMBER(AI10)),IF(AH10="",Ayarlar!$B$11,AH10),0))*Ayarlar!$F$22,"") | AS10: =IFERROR((IF(Ayarlar!$B$21=Ayarlar!$E$23,N(G10),0)+IF(Ayarlar!$B$22=Ayarlar!$E$23,N(K10),0)+IF(Ayarlar!$B$23=Ayarlar!$E$23,N(O10),0)+IF(Ayarlar!$B$24=Ayarlar!$E$23,N(S10),0)+IF(Ayarlar!$B$25=Ayarlar!$E$23,N(W10),0)+IF(Ayarlar!$B$26=Ayarlar!$E$23,N(AA10),0)+IF(Ayarlar!$B$27=Ayarlar!$E$23,N(AE10),0)+IF(Ayarlar!$B$28=Ayarlar!$E$23,N(AI10),0))/(IF(AND(Ayarlar!$B$21=Ayarlar!$E$23,ISNUMBER(G10)),IF(F10="",Ayarlar!$B$4,F10),0)+IF(AND(Ayarlar!$B$22=Ayarlar!$E$23,ISNUMBER(K10)),IF(J10="",Ayarlar!$B$5,J10),0)+IF(AND(Ayarlar!$B$23=Ayarlar!$E$23,ISNUMBER(O10)),IF(N10="",Ayarlar!$B$6,N10),0)+IF(AND(Ayarlar!$B$24=Ayarlar!$E$23,ISNUMBER(S10)),IF(R10="",Ayarlar!$B$7,R10),0)+IF(AND(Ayarlar!$B$25=Ayarlar!$E$23,ISNUMBER(W10)),IF(V10="",Ayarlar!$B$8,V10),0)+IF(AND(Ayarlar!$B$26=Ayarlar!$E$23,ISNUMBER(AA10)),IF(Z10="",Ayarlar!$B$9,Z10),0)+IF(AND(Ayarlar!$B$27=Ayarlar!$E$23,ISNUMBER(AE10)),IF(AD10="",Ayarlar!$B$10,AD10),0)+IF(AND(Ayarlar!$B$28=Ayarlar!$E$23,ISNUMBER(AI10)),IF(AH10="",Ayarlar!$B$11,AH10),0))*Ayarlar!$F$23,"") | AT10: =IFERROR((IF(Ayarlar!$B$21=Ayarlar!$E$24,N(G10),0)+IF(Ayarlar!$B$22=Ayarlar!$E$24,N(K10),0)+IF(Ayarlar!$B$23=Ayarlar!$E$24,N(O10),0)+IF(Ayarlar!$B$24=Ayarlar!$E$24,N(S10),0)+IF(Ayarlar!$B$25=Ayarlar!$E$24,N(W10),0)+IF(Ayarlar!$B$26=Ayarlar!$E$24,N(AA10),0)+IF(Ayarlar!$B$27=Ayarlar!$E$24,N(AE10),0)+IF(Ayarlar!$B$28=Ayarlar!$E$24,N(AI10),0))/(IF(AND(Ayarlar!$B$21=Ayarlar!$E$24,ISNUMBER(G10)),IF(F10="",Ayarlar!$B$4,F10),0)+IF(AND(Ayarlar!$B$22=Ayarlar!$E$24,ISNUMBER(K10)),IF(J10="",Ayarlar!$B$5,J10),0)+IF(AND(Ayarlar!$B$23=Ayarlar!$E$24,ISNUMBER(O10)),IF(N10="",Ayarlar!$B$6,N10),0)+IF(AND(Ayarlar!$B$24=Ayarlar!$E$24,ISNUMBER(S10)),IF(R10="",Ayarlar!$B$7,R10),0)+IF(AND(Ayarlar!$B$25=Ayarlar!$E$24,ISNUMBER(W10)),IF(V10="",Ayarlar!$B$8,V10),0)+IF(AND(Ayarlar!$B$26=Ayarlar!$E$24,ISNUMBER(AA10)),IF(Z10="",Ayarlar!$B$9,Z10),0)+IF(AND(Ayarlar!$B$27=Ayarlar!$E$24,ISNUMBER(AE10)),IF(AD10="",Ayarlar!$B$10,AD10),0)+IF(AND(Ayarlar!$B$28=Ayarlar!$E$24,ISNUMBER(AI10)),IF(AH10="",Ayarlar!$B$11,AH10),0))*Ayarlar!$F$24,"") | AU10: =IF(COUNT(AQ10,AR10,AS10,AT10)<4,"",Ayarlar!$F$25+AQ10*Ayarlar!$G$21+AR10*Ayarlar!$G$22+AS10*Ayarlar!$G$23+AT10*Ayarlar!$G$24)
A11: 7 | G11: =IF(AND(D11="",E11=""),"",D11-IF(Ayarlar!$B$16>0,E11/Ayarlar!$B$16,0)) | K11: =IF(AND(H11="",I11=""),"",H11-IF(Ayarlar!$B$16>0,I11/Ayarlar!$B$16,0)) | O11: =IF(AND(L11="",M11=""),"",L11-IF(Ayarlar!$B$16>0,M11/Ayarlar!$B$16,0)) | S11: =IF(AND(P11="",Q11=""),"",P11-IF(Ayarlar!$B$16>0,Q11/Ayarlar!$B$16,0)) | W11: =IF(AND(T11="",U11=""),"",T11-IF(Ayarlar!$B$16>0,U11/Ayarlar!$B$16,0)) | AA11: =IF(AND(X11="",Y11=""),"",X11-IF(Ayarlar!$B$16>0,Y11/Ayarlar!$B$16,0)) | AE11: =IF(AND(AB11="",AC11=""),"",AB11-IF(Ayarlar!$B$16>0,AC11/Ayarlar!$B$16,0)) | AI11: =IF(AND(AF11="",AG11=""),"",AF11-IF(Ayarlar!$B$16>0,AG11/Ayarlar!$B$16,0)) | AJ11: =IF(COUNT(D11,E11,H11,I11,L11,M11,P11,Q11,T11,U11,X11,Y11,AB11,AC11,AF11,AG11)=0,"",D11+H11+L11+P11+T11+X11+AB11+AF11) | AK11: =IF(COUNT(D11,E11,H11,I11,L11,M11,P11,Q11,T11,U11,X11,Y11,AB11,AC11,AF11,AG11)=0,"",E11+I11+M11+Q11+U11+Y11+AC11+AG11) | AL11: =IF(COUNT(D11,E11,H11,I11,L11,M11,P11,Q11,T11,U11,X11,Y11,AB11,AC11,AF11,AG11)=0,"",IF(ISNUMBER(G11),IF(F11="",Ayarlar!$B$4,F11),0)+IF(ISNUMBER(K11),IF(J11="",Ayarlar!$B$5,J11),0)+IF(ISNUMBER(O11),IF(N11="",Ayarlar!$B$6,N11),0)+IF(ISNUMBER(S11),IF(R11="",Ayarlar!$B$7,R11),0)+IF(ISNUMBER(W11),IF(V11="",Ayarlar!$B$8,V11),0)+IF(ISNUMBER(AA11),IF(Z11="",Ayarlar!$B$9,Z11),0)+IF(ISNUMBER(AE11),IF(AD11="",Ayarlar!$B$10,AD11),0)+IF(ISNUMBER(AI11),IF(AH11="",Ayarlar!$B$11,AH11),0)) | AM11: =IF(COUNT(D11,E11,H11,I11,L11,M11,P11,Q11,T11,U11,X11,Y11,AB11,AC11,AF11,AG11)=0,"",AL11-AJ11-AK11) | AN11: =IF(COUNT(D11,E11,H11,I11,L11,M11,P11,Q11,T11,U11,X11,Y11,AB11,AC11,AF11,AG11)=0,"",SUM(G11,K11,O11,S11,W11,AA11,AE11,AI11)) | AO11: =IF(OR(COUNT(D11,E11,H11,I11,L11,M11,P11,Q11,T11,U11,X11,Y11,AB11,AC11,AF11,AG11)=0,N(AL11)=0),"",AN11/AL11) | AP11: =IF(OR(AO11="",AO10=""),"",AO11-AO10) | AQ11: =IFERROR((IF(Ayarlar!$B$21=Ayarlar!$E$21,N(G11),0)+IF(Ayarlar!$B$22=Ayarlar!$E$21,N(K11),0)+IF(Ayarlar!$B$23=Ayarlar!$E$21,N(O11),0)+IF(Ayarlar!$B$24=Ayarlar!$E$21,N(S11),0)+IF(Ayarlar!$B$25=Ayarlar!$E$21,N(W11),0)+IF(Ayarlar!$B$26=Ayarlar!$E$21,N(AA11),0)+IF(Ayarlar!$B$27=Ayarlar!$E$21,N(AE11),0)+IF(Ayarlar!$B$28=Ayarlar!$E$21,N(AI11),0))/(IF(AND(Ayarlar!$B$21=Ayarlar!$E$21,ISNUMBER(G11)),IF(F11="",Ayarlar!$B$4,F11),0)+IF(AND(Ayarlar!$B$22=Ayarlar!$E$21,ISNUMBER(K11)),IF(J11="",Ayarlar!$B$5,J11),0)+IF(AND(Ayarlar!$B$23=Ayarlar!$E$21,ISNUMBER(O11)),IF(N11="",Ayarlar!$B$6,N11),0)+IF(AND(Ayarlar!$B$24=Ayarlar!$E$21,ISNUMBER(S11)),IF(R11="",Ayarlar!$B$7,R11),0)+IF(AND(Ayarlar!$B$25=Ayarlar!$E$21,ISNUMBER(W11)),IF(V11="",Ayarlar!$B$8,V11),0)+IF(AND(Ayarlar!$B$26=Ayarlar!$E$21,ISNUMBER(AA11)),IF(Z11="",Ayarlar!$B$9,Z11),0)+IF(AND(Ayarlar!$B$27=Ayarlar!$E$21,ISNUMBER(AE11)),IF(AD11="",Ayarlar!$B$10,AD11),0)+IF(AND(Ayarlar!$B$28=Ayarlar!$E$21,ISNUMBER(AI11)),IF(AH11="",Ayarlar!$B$11,AH11),0))*Ayarlar!$F$21,"") | AR11: =IFERROR((IF(Ayarlar!$B$21=Ayarlar!$E$22,N(G11),0)+IF(Ayarlar!$B$22=Ayarlar!$E$22,N(K11),0)+IF(Ayarlar!$B$23=Ayarlar!$E$22,N(O11),0)+IF(Ayarlar!$B$24=Ayarlar!$E$22,N(S11),0)+IF(Ayarlar!$B$25=Ayarlar!$E$22,N(W11),0)+IF(Ayarlar!$B$26=Ayarlar!$E$22,N(AA11),0)+IF(Ayarlar!$B$27=Ayarlar!$E$22,N(AE11),0)+IF(Ayarlar!$B$28=Ayarlar!$E$22,N(AI11),0))/(IF(AND(Ayarlar!$B$21=Ayarlar!$E$22,ISNUMBER(G11)),IF(F11="",Ayarlar!$B$4,F11),0)+IF(AND(Ayarlar!$B$22=Ayarlar!$E$22,ISNUMBER(K11)),IF(J11="",Ayarlar!$B$5,J11),0)+IF(AND(Ayarlar!$B$23=Ayarlar!$E$22,ISNUMBER(O11)),IF(N11="",Ayarlar!$B$6,N11),0)+IF(AND(Ayarlar!$B$24=Ayarlar!$E$22,ISNUMBER(S11)),IF(R11="",Ayarlar!$B$7,R11),0)+IF(AND(Ayarlar!$B$25=Ayarlar!$E$22,ISNUMBER(W11)),IF(V11="",Ayarlar!$B$8,V11),0)+IF(AND(Ayarlar!$B$26=Ayarlar!$E$22,ISNUMBER(AA11)),IF(Z11="",Ayarlar!$B$9,Z11),0)+IF(AND(Ayarlar!$B$27=Ayarlar!$E$22,ISNUMBER(AE11)),IF(AD11="",Ayarlar!$B$10,AD11),0)+IF(AND(Ayarlar!$B$28=Ayarlar!$E$22,ISNUMBER(AI11)),IF(AH11="",Ayarlar!$B$11,AH11),0))*Ayarlar!$F$22,"") | AS11: =IFERROR((IF(Ayarlar!$B$21=Ayarlar!$E$23,N(G11),0)+IF(Ayarlar!$B$22=Ayarlar!$E$23,N(K11),0)+IF(Ayarlar!$B$23=Ayarlar!$E$23,N(O11),0)+IF(Ayarlar!$B$24=Ayarlar!$E$23,N(S11),0)+IF(Ayarlar!$B$25=Ayarlar!$E$23,N(W11),0)+IF(Ayarlar!$B$26=Ayarlar!$E$23,N(AA11),0)+IF(Ayarlar!$B$27=Ayarlar!$E$23,N(AE11),0)+IF(Ayarlar!$B$28=Ayarlar!$E$23,N(AI11),0))/(IF(AND(Ayarlar!$B$21=Ayarlar!$E$23,ISNUMBER(G11)),IF(F11="",Ayarlar!$B$4,F11),0)+IF(AND(Ayarlar!$B$22=Ayarlar!$E$23,ISNUMBER(K11)),IF(J11="",Ayarlar!$B$5,J11),0)+IF(AND(Ayarlar!$B$23=Ayarlar!$E$23,ISNUMBER(O11)),IF(N11="",Ayarlar!$B$6,N11),0)+IF(AND(Ayarlar!$B$24=Ayarlar!$E$23,ISNUMBER(S11)),IF(R11="",Ayarlar!$B$7,R11),0)+IF(AND(Ayarlar!$B$25=Ayarlar!$E$23,ISNUMBER(W11)),IF(V11="",Ayarlar!$B$8,V11),0)+IF(AND(Ayarlar!$B$26=Ayarlar!$E$23,ISNUMBER(AA11)),IF(Z11="",Ayarlar!$B$9,Z11),0)+IF(AND(Ayarlar!$B$27=Ayarlar!$E$23,ISNUMBER(AE11)),IF(AD11="",Ayarlar!$B$10,AD11),0)+IF(AND(Ayarlar!$B$28=Ayarlar!$E$23,ISNUMBER(AI11)),IF(AH11="",Ayarlar!$B$11,AH11),0))*Ayarlar!$F$23,"") | AT11: =IFERROR((IF(Ayarlar!$B$21=Ayarlar!$E$24,N(G11),0)+IF(Ayarlar!$B$22=Ayarlar!$E$24,N(K11),0)+IF(Ayarlar!$B$23=Ayarlar!$E$24,N(O11),0)+IF(Ayarlar!$B$24=Ayarlar!$E$24,N(S11),0)+IF(Ayarlar!$B$25=Ayarlar!$E$24,N(W11),0)+IF(Ayarlar!$B$26=Ayarlar!$E$24,N(AA11),0)+IF(Ayarlar!$B$27=Ayarlar!$E$24,N(AE11),0)+IF(Ayarlar!$B$28=Ayarlar!$E$24,N(AI11),0))/(IF(AND(Ayarlar!$B$21=Ayarlar!$E$24,ISNUMBER(G11)),IF(F11="",Ayarlar!$B$4,F11),0)+IF(AND(Ayarlar!$B$22=Ayarlar!$E$24,ISNUMBER(K11)),IF(J11="",Ayarlar!$B$5,J11),0)+IF(AND(Ayarlar!$B$23=Ayarlar!$E$24,ISNUMBER(O11)),IF(N11="",Ayarlar!$B$6,N11),0)+IF(AND(Ayarlar!$B$24=Ayarlar!$E$24,ISNUMBER(S11)),IF(R11="",Ayarlar!$B$7,R11),0)+IF(AND(Ayarlar!$B$25=Ayarlar!$E$24,ISNUMBER(W11)),IF(V11="",Ayarlar!$B$8,V11),0)+IF(AND(Ayarlar!$B$26=Ayarlar!$E$24,ISNUMBER(AA11)),IF(Z11="",Ayarlar!$B$9,Z11),0)+IF(AND(Ayarlar!$B$27=Ayarlar!$E$24,ISNUMBER(AE11)),IF(AD11="",Ayarlar!$B$10,AD11),0)+IF(AND(Ayarlar!$B$28=Ayarlar!$E$24,ISNUMBER(AI11)),IF(AH11="",Ayarlar!$B$11,AH11),0))*Ayarlar!$F$24,"") | AU11: =IF(COUNT(AQ11,AR11,AS11,AT11)<4,"",Ayarlar!$F$25+AQ11*Ayarlar!$G$21+AR11*Ayarlar!$G$22+AS11*Ayarlar!$G$23+AT11*Ayarlar!$G$24)
A12: 8 | G12: =IF(AND(D12="",E12=""),"",D12-IF(Ayarlar!$B$16>0,E12/Ayarlar!$B$16,0)) | K12: =IF(AND(H12="",I12=""),"",H12-IF(Ayarlar!$B$16>0,I12/Ayarlar!$B$16,0)) | O12: =IF(AND(L12="",M12=""),"",L12-IF(Ayarlar!$B$16>0,M12/Ayarlar!$B$16,0)) | S12: =IF(AND(P12="",Q12=""),"",P12-IF(Ayarlar!$B$16>0,Q12/Ayarlar!$B$16,0)) | W12: =IF(AND(T12="",U12=""),"",T12-IF(Ayarlar!$B$16>0,U12/Ayarlar!$B$16,0)) | AA12: =IF(AND(X12="",Y12=""),"",X12-IF(Ayarlar!$B$16>0,Y12/Ayarlar!$B$16,0)) | AE12: =IF(AND(AB12="",AC12=""),"",AB12-IF(Ayarlar!$B$16>0,AC12/Ayarlar!$B$16,0)) | AI12: =IF(AND(AF12="",AG12=""),"",AF12-IF(Ayarlar!$B$16>0,AG12/Ayarlar!$B$16,0)) | AJ12: =IF(COUNT(D12,E12,H12,I12,L12,M12,P12,Q12,T12,U12,X12,Y12,AB12,AC12,AF12,AG12)=0,"",D12+H12+L12+P12+T12+X12+AB12+AF12) | AK12: =IF(COUNT(D12,E12,H12,I12,L12,M12,P12,Q12,T12,U12,X12,Y12,AB12,AC12,AF12,AG12)=0,"",E12+I12+M12+Q12+U12+Y12+AC12+AG12) | AL12: =IF(COUNT(D12,E12,H12,I12,L12,M12,P12,Q12,T12,U12,X12,Y12,AB12,AC12,AF12,AG12)=0,"",IF(ISNUMBER(G12),IF(F12="",Ayarlar!$B$4,F12),0)+IF(ISNUMBER(K12),IF(J12="",Ayarlar!$B$5,J12),0)+IF(ISNUMBER(O12),IF(N12="",Ayarlar!$B$6,N12),0)+IF(ISNUMBER(S12),IF(R12="",Ayarlar!$B$7,R12),0)+IF(ISNUMBER(W12),IF(V12="",Ayarlar!$B$8,V12),0)+IF(ISNUMBER(AA12),IF(Z12="",Ayarlar!$B$9,Z12),0)+IF(ISNUMBER(AE12),IF(AD12="",Ayarlar!$B$10,AD12),0)+IF(ISNUMBER(AI12),IF(AH12="",Ayarlar!$B$11,AH12),0)) | AM12: =IF(COUNT(D12,E12,H12,I12,L12,M12,P12,Q12,T12,U12,X12,Y12,AB12,AC12,AF12,AG12)=0,"",AL12-AJ12-AK12) | AN12: =IF(COUNT(D12,E12,H12,I12,L12,M12,P12,Q12,T12,U12,X12,Y12,AB12,AC12,AF12,AG12)=0,"",SUM(G12,K12,O12,S12,W12,AA12,AE12,AI12)) | AO12: =IF(OR(COUNT(D12,E12,H12,I12,L12,M12,P12,Q12,T12,U12,X12,Y12,AB12,AC12,AF12,AG12)=0,N(AL12)=0),"",AN12/AL12) | AP12: =IF(OR(AO12="",AO11=""),"",AO12-AO11) | AQ12: =IFERROR((IF(Ayarlar!$B$21=Ayarlar!$E$21,N(G12),0)+IF(Ayarlar!$B$22=Ayarlar!$E$21,N(K12),0)+IF(Ayarlar!$B$23=Ayarlar!$E$21,N(O12),0)+IF(Ayarlar!$B$24=Ayarlar!$E$21,N(S12),0)+IF(Ayarlar!$B$25=Ayarlar!$E$21,N(W12),0)+IF(Ayarlar!$B$26=Ayarlar!$E$21,N(AA12),0)+IF(Ayarlar!$B$27=Ayarlar!$E$21,N(AE12),0)+IF(Ayarlar!$B$28=Ayarlar!$E$21,N(AI12),0))/(IF(AND(Ayarlar!$B$21=Ayarlar!$E$21,ISNUMBER(G12)),IF(F12="",Ayarlar!$B$4,F12),0)+IF(AND(Ayarlar!$B$22=Ayarlar!$E$21,ISNUMBER(K12)),IF(J12="",Ayarlar!$B$5,J12),0)+IF(AND(Ayarlar!$B$23=Ayarlar!$E$21,ISNUMBER(O12)),IF(N12="",Ayarlar!$B$6,N12),0)+IF(AND(Ayarlar!$B$24=Ayarlar!$E$21,ISNUMBER(S12)),IF(R12="",Ayarlar!$B$7,R12),0)+IF(AND(Ayarlar!$B$25=Ayarlar!$E$21,ISNUMBER(W12)),IF(V12="",Ayarlar!$B$8,V12),0)+IF(AND(Ayarlar!$B$26=Ayarlar!$E$21,ISNUMBER(AA12)),IF(Z12="",Ayarlar!$B$9,Z12),0)+IF(AND(Ayarlar!$B$27=Ayarlar!$E$21,ISNUMBER(AE12)),IF(AD12="",Ayarlar!$B$10,AD12),0)+IF(AND(Ayarlar!$B$28=Ayarlar!$E$21,ISNUMBER(AI12)),IF(AH12="",Ayarlar!$B$11,AH12),0))*Ayarlar!$F$21,"") | AR12: =IFERROR((IF(Ayarlar!$B$21=Ayarlar!$E$22,N(G12),0)+IF(Ayarlar!$B$22=Ayarlar!$E$22,N(K12),0)+IF(Ayarlar!$B$23=Ayarlar!$E$22,N(O12),0)+IF(Ayarlar!$B$24=Ayarlar!$E$22,N(S12),0)+IF(Ayarlar!$B$25=Ayarlar!$E$22,N(W12),0)+IF(Ayarlar!$B$26=Ayarlar!$E$22,N(AA12),0)+IF(Ayarlar!$B$27=Ayarlar!$E$22,N(AE12),0)+IF(Ayarlar!$B$28=Ayarlar!$E$22,N(AI12),0))/(IF(AND(Ayarlar!$B$21=Ayarlar!$E$22,ISNUMBER(G12)),IF(F12="",Ayarlar!$B$4,F12),0)+IF(AND(Ayarlar!$B$22=Ayarlar!$E$22,ISNUMBER(K12)),IF(J12="",Ayarlar!$B$5,J12),0)+IF(AND(Ayarlar!$B$23=Ayarlar!$E$22,ISNUMBER(O12)),IF(N12="",Ayarlar!$B$6,N12),0)+IF(AND(Ayarlar!$B$24=Ayarlar!$E$22,ISNUMBER(S12)),IF(R12="",Ayarlar!$B$7,R12),0)+IF(AND(Ayarlar!$B$25=Ayarlar!$E$22,ISNUMBER(W12)),IF(V12="",Ayarlar!$B$8,V12),0)+IF(AND(Ayarlar!$B$26=Ayarlar!$E$22,ISNUMBER(AA12)),IF(Z12="",Ayarlar!$B$9,Z12),0)+IF(AND(Ayarlar!$B$27=Ayarlar!$E$22,ISNUMBER(AE12)),IF(AD12="",Ayarlar!$B$10,AD12),0)+IF(AND(Ayarlar!$B$28=Ayarlar!$E$22,ISNUMBER(AI12)),IF(AH12="",Ayarlar!$B$11,AH12),0))*Ayarlar!$F$22,"") | AS12: =IFERROR((IF(Ayarlar!$B$21=Ayarlar!$E$23,N(G12),0)+IF(Ayarlar!$B$22=Ayarlar!$E$23,N(K12),0)+IF(Ayarlar!$B$23=Ayarlar!$E$23,N(O12),0)+IF(Ayarlar!$B$24=Ayarlar!$E$23,N(S12),0)+IF(Ayarlar!$B$25=Ayarlar!$E$23,N(W12),0)+IF(Ayarlar!$B$26=Ayarlar!$E$23,N(AA12),0)+IF(Ayarlar!$B$27=Ayarlar!$E$23,N(AE12),0)+IF(Ayarlar!$B$28=Ayarlar!$E$23,N(AI12),0))/(IF(AND(Ayarlar!$B$21=Ayarlar!$E$23,ISNUMBER(G12)),IF(F12="",Ayarlar!$B$4,F12),0)+IF(AND(Ayarlar!$B$22=Ayarlar!$E$23,ISNUMBER(K12)),IF(J12="",Ayarlar!$B$5,J12),0)+IF(AND(Ayarlar!$B$23=Ayarlar!$E$23,ISNUMBER(O12)),IF(N12="",Ayarlar!$B$6,N12),0)+IF(AND(Ayarlar!$B$24=Ayarlar!$E$23,ISNUMBER(S12)),IF(R12="",Ayarlar!$B$7,R12),0)+IF(AND(Ayarlar!$B$25=Ayarlar!$E$23,ISNUMBER(W12)),IF(V12="",Ayarlar!$B$8,V12),0)+IF(AND(Ayarlar!$B$26=Ayarlar!$E$23,ISNUMBER(AA12)),IF(Z12="",Ayarlar!$B$9,Z12),0)+IF(AND(Ayarlar!$B$27=Ayarlar!$E$23,ISNUMBER(AE12)),IF(AD12="",Ayarlar!$B$10,AD12),0)+IF(AND(Ayarlar!$B$28=Ayarlar!$E$23,ISNUMBER(AI12)),IF(AH12="",Ayarlar!$B$11,AH12),0))*Ayarlar!$F$23,"") | AT12: =IFERROR((IF(Ayarlar!$B$21=Ayarlar!$E$24,N(G12),0)+IF(Ayarlar!$B$22=Ayarlar!$E$24,N(K12),0)+IF(Ayarlar!$B$23=Ayarlar!$E$24,N(O12),0)+IF(Ayarlar!$B$24=Ayarlar!$E$24,N(S12),0)+IF(Ayarlar!$B$25=Ayarlar!$E$24,N(W12),0)+IF(Ayarlar!$B$26=Ayarlar!$E$24,N(AA12),0)+IF(Ayarlar!$B$27=Ayarlar!$E$24,N(AE12),0)+IF(Ayarlar!$B$28=Ayarlar!$E$24,N(AI12),0))/(IF(AND(Ayarlar!$B$21=Ayarlar!$E$24,ISNUMBER(G12)),IF(F12="",Ayarlar!$B$4,F12),0)+IF(AND(Ayarlar!$B$22=Ayarlar!$E$24,ISNUMBER(K12)),IF(J12="",Ayarlar!$B$5,J12),0)+IF(AND(Ayarlar!$B$23=Ayarlar!$E$24,ISNUMBER(O12)),IF(N12="",Ayarlar!$B$6,N12),0)+IF(AND(Ayarlar!$B$24=Ayarlar!$E$24,ISNUMBER(S12)),IF(R12="",Ayarlar!$B$7,R12),0)+IF(AND(Ayarlar!$B$25=Ayarlar!$E$24,ISNUMBER(W12)),IF(V12="",Ayarlar!$B$8,V12),0)+IF(AND(Ayarlar!$B$26=Ayarlar!$E$24,ISNUMBER(AA12)),IF(Z12="",Ayarlar!$B$9,Z12),0)+IF(AND(Ayarlar!$B$27=Ayarlar!$E$24,ISNUMBER(AE12)),IF(AD12="",Ayarlar!$B$10,AD12),0)+IF(AND(Ayarlar!$B$28=Ayarlar!$E$24,ISNUMBER(AI12)),IF(AH12="",Ayarlar!$B$11,AH12),0))*Ayarlar!$F$24,"") | AU12: =IF(COUNT(AQ12,AR12,AS12,AT12)<4,"",Ayarlar!$F$25+AQ12*Ayarlar!$G$21+AR12*Ayarlar!$G$22+AS12*Ayarlar!$G$23+AT12*Ayarlar!$G$24)
A13: 9 | G13: =IF(AND(D13="",E13=""),"",D13-IF(Ayarlar!$B$16>0,E13/Ayarlar!$B$16,0)) | K13: =IF(AND(H13="",I13=""),"",H13-IF(Ayarlar!$B$16>0,I13/Ayarlar!$B$16,0)) | O13: =IF(AND(L13="",M13=""),"",L13-IF(Ayarlar!$B$16>0,M13/Ayarlar!$B$16,0)) | S13: =IF(AND(P13="",Q13=""),"",P13-IF(Ayarlar!$B$16>0,Q13/Ayarlar!$B$16,0)) | W13: =IF(AND(T13="",U13=""),"",T13-IF(Ayarlar!$B$16>0,U13/Ayarlar!$B$16,0)) | AA13: =IF(AND(X13="",Y13=""),"",X13-IF(Ayarlar!$B$16>0,Y13/Ayarlar!$B$16,0)) | AE13: =IF(AND(AB13="",AC13=""),"",AB13-IF(Ayarlar!$B$16>0,AC13/Ayarlar!$B$16,0)) | AI13: =IF(AND(AF13="",AG13=""),"",AF13-IF(Ayarlar!$B$16>0,AG13/Ayarlar!$B$16,0)) | AJ13: =IF(COUNT(D13,E13,H13,I13,L13,M13,P13,Q13,T13,U13,X13,Y13,AB13,AC13,AF13,AG13)=0,"",D13+H13+L13+P13+T13+X13+AB13+AF13) | AK13: =IF(COUNT(D13,E13,H13,I13,L13,M13,P13,Q13,T13,U13,X13,Y13,AB13,AC13,AF13,AG13)=0,"",E13+I13+M13+Q13+U13+Y13+AC13+AG13) | AL13: =IF(COUNT(D13,E13,H13,I13,L13,M13,P13,Q13,T13,U13,X13,Y13,AB13,AC13,AF13,AG13)=0,"",IF(ISNUMBER(G13),IF(F13="",Ayarlar!$B$4,F13),0)+IF(ISNUMBER(K13),IF(J13="",Ayarlar!$B$5,J13),0)+IF(ISNUMBER(O13),IF(N13="",Ayarlar!$B$6,N13),0)+IF(ISNUMBER(S13),IF(R13="",Ayarlar!$B$7,R13),0)+IF(ISNUMBER(W13),IF(V13="",Ayarlar!$B$8,V13),0)+IF(ISNUMBER(AA13),IF(Z13="",Ayarlar!$B$9,Z13),0)+IF(ISNUMBER(AE13),IF(AD13="",Ayarlar!$B$10,AD13),0)+IF(ISNUMBER(AI13),IF(AH13="",Ayarlar!$B$11,AH13),0)) | AM13: =IF(COUNT(D13,E13,H13,I13,L13,M13,P13,Q13,T13,U13,X13,Y13,AB13,AC13,AF13,AG13)=0,"",AL13-AJ13-AK13) | AN13: =IF(COUNT(D13,E13,H13,I13,L13,M13,P13,Q13,T13,U13,X13,Y13,AB13,AC13,AF13,AG13)=0,"",SUM(G13,K13,O13,S13,W13,AA13,AE13,AI13)) | AO13: =IF(OR(COUNT(D13,E13,H13,I13,L13,M13,P13,Q13,T13,U13,X13,Y13,AB13,AC13,AF13,AG13)=0,N(AL13)=0),"",AN13/AL13) | AP13: =IF(OR(AO13="",AO12=""),"",AO13-AO12) | AQ13: =IFERROR((IF(Ayarlar!$B$21=Ayarlar!$E$21,N(G13),0)+IF(Ayarlar!$B$22=Ayarlar!$E$21,N(K13),0)+IF(Ayarlar!$B$23=Ayarlar!$E$21,N(O13),0)+IF(Ayarlar!$B$24=Ayarlar!$E$21,N(S13),0)+IF(Ayarlar!$B$25=Ayarlar!$E$21,N(W13),0)+IF(Ayarlar!$B$26=Ayarlar!$E$21,N(AA13),0)+IF(Ayarlar!$B$27=Ayarlar!$E$21,N(AE13),0)+IF(Ayarlar!$B$28=Ayarlar!$E$21,N(AI13),0))/(IF(AND(Ayarlar!$B$21=Ayarlar!$E$21,ISNUMBER(G13)),IF(F13="",Ayarlar!$B$4,F13),0)+IF(AND(Ayarlar!$B$22=Ayarlar!$E$21,ISNUMBER(K13)),IF(J13="",Ayarlar!$B$5,J13),0)+IF(AND(Ayarlar!$B$23=Ayarlar!$E$21,ISNUMBER(O13)),IF(N13="",Ayarlar!$B$6,N13),0)+IF(AND(Ayarlar!$B$24=Ayarlar!$E$21,ISNUMBER(S13)),IF(R13="",Ayarlar!$B$7,R13),0)+IF(AND(Ayarlar!$B$25=Ayarlar!$E$21,ISNUMBER(W13)),IF(V13="",Ayarlar!$B$8,V13),0)+IF(AND(Ayarlar!$B$26=Ayarlar!$E$21,ISNUMBER(AA13)),IF(Z13="",Ayarlar!$B$9,Z13),0)+IF(AND(Ayarlar!$B$27=Ayarlar!$E$21,ISNUMBER(AE13)),IF(AD13="",Ayarlar!$B$10,AD13),0)+IF(AND(Ayarlar!$B$28=Ayarlar!$E$21,ISNUMBER(AI13)),IF(AH13="",Ayarlar!$B$11,AH13),0))*Ayarlar!$F$21,"") | AR13: =IFERROR((IF(Ayarlar!$B$21=Ayarlar!$E$22,N(G13),0)+IF(Ayarlar!$B$22=Ayarlar!$E$22,N(K13),0)+IF(Ayarlar!$B$23=Ayarlar!$E$22,N(O13),0)+IF(Ayarlar!$B$24=Ayarlar!$E$22,N(S13),0)+IF(Ayarlar!$B$25=Ayarlar!$E$22,N(W13),0)+IF(Ayarlar!$B$26=Ayarlar!$E$22,N(AA13),0)+IF(Ayarlar!$B$27=Ayarlar!$E$22,N(AE13),0)+IF(Ayarlar!$B$28=Ayarlar!$E$22,N(AI13),0))/(IF(AND(Ayarlar!$B$21=Ayarlar!$E$22,ISNUMBER(G13)),IF(F13="",Ayarlar!$B$4,F13),0)+IF(AND(Ayarlar!$B$22=Ayarlar!$E$22,ISNUMBER(K13)),IF(J13="",Ayarlar!$B$5,J13),0)+IF(AND(Ayarlar!$B$23=Ayarlar!$E$22,ISNUMBER(O13)),IF(N13="",Ayarlar!$B$6,N13),0)+IF(AND(Ayarlar!$B$24=Ayarlar!$E$22,ISNUMBER(S13)),IF(R13="",Ayarlar!$B$7,R13),0)+IF(AND(Ayarlar!$B$25=Ayarlar!$E$22,ISNUMBER(W13)),IF(V13="",Ayarlar!$B$8,V13),0)+IF(AND(Ayarlar!$B$26=Ayarlar!$E$22,ISNUMBER(AA13)),IF(Z13="",Ayarlar!$B$9,Z13),0)+IF(AND(Ayarlar!$B$27=Ayarlar!$E$22,ISNUMBER(AE13)),IF(AD13="",Ayarlar!$B$10,AD13),0)+IF(AND(Ayarlar!$B$28=Ayarlar!$E$22,ISNUMBER(AI13)),IF(AH13="",Ayarlar!$B$11,AH13),0))*Ayarlar!$F$22,"") | AS13: =IFERROR((IF(Ayarlar!$B$21=Ayarlar!$E$23,N(G13),0)+IF(Ayarlar!$B$22=Ayarlar!$E$23,N(K13),0)+IF(Ayarlar!$B$23=Ayarlar!$E$23,N(O13),0)+IF(Ayarlar!$B$24=Ayarlar!$E$23,N(S13),0)+IF(Ayarlar!$B$25=Ayarlar!$E$23,N(W13),0)+IF(Ayarlar!$B$26=Ayarlar!$E$23,N(AA13),0)+IF(Ayarlar!$B$27=Ayarlar!$E$23,N(AE13),0)+IF(Ayarlar!$B$28=Ayarlar!$E$23,N(AI13),0))/(IF(AND(Ayarlar!$B$21=Ayarlar!$E$23,ISNUMBER(G13)),IF(F13="",Ayarlar!$B$4,F13),0)+IF(AND(Ayarlar!$B$22=Ayarlar!$E$23,ISNUMBER(K13)),IF(J13="",Ayarlar!$B$5,J13),0)+IF(AND(Ayarlar!$B$23=Ayarlar!$E$23,ISNUMBER(O13)),IF(N13="",Ayarlar!$B$6,N13),0)+IF(AND(Ayarlar!$B$24=Ayarlar!$E$23,ISNUMBER(S13)),IF(R13="",Ayarlar!$B$7,R13),0)+IF(AND(Ayarlar!$B$25=Ayarlar!$E$23,ISNUMBER(W13)),IF(V13="",Ayarlar!$B$8,V13),0)+IF(AND(Ayarlar!$B$26=Ayarlar!$E$23,ISNUMBER(AA13)),IF(Z13="",Ayarlar!$B$9,Z13),0)+IF(AND(Ayarlar!$B$27=Ayarlar!$E$23,ISNUMBER(AE13)),IF(AD13="",Ayarlar!$B$10,AD13),0)+IF(AND(Ayarlar!$B$28=Ayarlar!$E$23,ISNUMBER(AI13)),IF(AH13="",Ayarlar!$B$11,AH13),0))*Ayarlar!$F$23,"") | AT13: =IFERROR((IF(Ayarlar!$B$21=Ayarlar!$E$24,N(G13),0)+IF(Ayarlar!$B$22=Ayarlar!$E$24,N(K13),0)+IF(Ayarlar!$B$23=Ayarlar!$E$24,N(O13),0)+IF(Ayarlar!$B$24=Ayarlar!$E$24,N(S13),0)+IF(Ayarlar!$B$25=Ayarlar!$E$24,N(W13),0)+IF(Ayarlar!$B$26=Ayarlar!$E$24,N(AA13),0)+IF(Ayarlar!$B$27=Ayarlar!$E$24,N(AE13),0)+IF(Ayarlar!$B$28=Ayarlar!$E$24,N(AI13),0))/(IF(AND(Ayarlar!$B$21=Ayarlar!$E$24,ISNUMBER(G13)),IF(F13="",Ayarlar!$B$4,F13),0)+IF(AND(Ayarlar!$B$22=Ayarlar!$E$24,ISNUMBER(K13)),IF(J13="",Ayarlar!$B$5,J13),0)+IF(AND(Ayarlar!$B$23=Ayarlar!$E$24,ISNUMBER(O13)),IF(N13="",Ayarlar!$B$6,N13),0)+IF(AND(Ayarlar!$B$24=Ayarlar!$E$24,ISNUMBER(S13)),IF(R13="",Ayarlar!$B$7,R13),0)+IF(AND(Ayarlar!$B$25=Ayarlar!$E$24,ISNUMBER(W13)),IF(V13="",Ayarlar!$B$8,V13),0)+IF(AND(Ayarlar!$B$26=Ayarlar!$E$24,ISNUMBER(AA13)),IF(Z13="",Ayarlar!$B$9,Z13),0)+IF(AND(Ayarlar!$B$27=Ayarlar!$E$24,ISNUMBER(AE13)),IF(AD13="",Ayarlar!$B$10,AD13),0)+IF(AND(Ayarlar!$B$28=Ayarlar!$E$24,ISNUMBER(AI13)),IF(AH13="",Ayarlar!$B$11,AH13),0))*Ayarlar!$F$24,"") | AU13: =IF(COUNT(AQ13,AR13,AS13,AT13)<4,"",Ayarlar!$F$25+AQ13*Ayarlar!$G$21+AR13*Ayarlar!$G$22+AS13*Ayarlar!$G$23+AT13*Ayarlar!$G$24)
A14: 10 | G14: =IF(AND(D14="",E14=""),"",D14-IF(Ayarlar!$B$16>0,E14/Ayarlar!$B$16,0)) | K14: =IF(AND(H14="",I14=""),"",H14-IF(Ayarlar!$B$16>0,I14/Ayarlar!$B$16,0)) | O14: =IF(AND(L14="",M14=""),"",L14-IF(Ayarlar!$B$16>0,M14/Ayarlar!$B$16,0)) | S14: =IF(AND(P14="",Q14=""),"",P14-IF(Ayarlar!$B$16>0,Q14/Ayarlar!$B$16,0)) | W14: =IF(AND(T14="",U14=""),"",T14-IF(Ayarlar!$B$16>0,U14/Ayarlar!$B$16,0)) | AA14: =IF(AND(X14="",Y14=""),"",X14-IF(Ayarlar!$B$16>0,Y14/Ayarlar!$B$16,0)) | AE14: =IF(AND(AB14="",AC14=""),"",AB14-IF(Ayarlar!$B$16>0,AC14/Ayarlar!$B$16,0)) | AI14: =IF(AND(AF14="",AG14=""),"",AF14-IF(Ayarlar!$B$16>0,AG14/Ayarlar!$B$16,0)) | AJ14: =IF(COUNT(D14,E14,H14,I14,L14,M14,P14,Q14,T14,U14,X14,Y14,AB14,AC14,AF14,AG14)=0,"",D14+H14+L14+P14+T14+X14+AB14+AF14) | AK14: =IF(COUNT(D14,E14,H14,I14,L14,M14,P14,Q14,T14,U14,X14,Y14,AB14,AC14,AF14,AG14)=0,"",E14+I14+M14+Q14+U14+Y14+AC14+AG14) | AL14: =IF(COUNT(D14,E14,H14,I14,L14,M14,P14,Q14,T14,U14,X14,Y14,AB14,AC14,AF14,AG14)=0,"",IF(ISNUMBER(G14),IF(F14="",Ayarlar!$B$4,F14),0)+IF(ISNUMBER(K14),IF(J14="",Ayarlar!$B$5,J14),0)+IF(ISNUMBER(O14),IF(N14="",Ayarlar!$B$6,N14),0)+IF(ISNUMBER(S14),IF(R14="",Ayarlar!$B$7,R14),0)+IF(ISNUMBER(W14),IF(V14="",Ayarlar!$B$8,V14),0)+IF(ISNUMBER(AA14),IF(Z14="",Ayarlar!$B$9,Z14),0)+IF(ISNUMBER(AE14),IF(AD14="",Ayarlar!$B$10,AD14),0)+IF(ISNUMBER(AI14),IF(AH14="",Ayarlar!$B$11,AH14),0)) | AM14: =IF(COUNT(D14,E14,H14,I14,L14,M14,P14,Q14,T14,U14,X14,Y14,AB14,AC14,AF14,AG14)=0,"",AL14-AJ14-AK14) | AN14: =IF(COUNT(D14,E14,H14,I14,L14,M14,P14,Q14,T14,U14,X14,Y14,AB14,AC14,AF14,AG14)=0,"",SUM(G14,K14,O14,S14,W14,AA14,AE14,AI14)) | AO14: =IF(OR(COUNT(D14,E14,H14,I14,L14,M14,P14,Q14,T14,U14,X14,Y14,AB14,AC14,AF14,AG14)=0,N(AL14)=0),"",AN14/AL14) | AP14: =IF(OR(AO14="",AO13=""),"",AO14-AO13) | AQ14: =IFERROR((IF(Ayarlar!$B$21=Ayarlar!$E$21,N(G14),0)+IF(Ayarlar!$B$22=Ayarlar!$E$21,N(K14),0)+IF(Ayarlar!$B$23=Ayarlar!$E$21,N(O14),0)+IF(Ayarlar!$B$24=Ayarlar!$E$21,N(S14),0)+IF(Ayarlar!$B$25=Ayarlar!$E$21,N(W14),0)+IF(Ayarlar!$B$26=Ayarlar!$E$21,N(AA14),0)+IF(Ayarlar!$B$27=Ayarlar!$E$21,N(AE14),0)+IF(Ayarlar!$B$28=Ayarlar!$E$21,N(AI14),0))/(IF(AND(Ayarlar!$B$21=Ayarlar!$E$21,ISNUMBER(G14)),IF(F14="",Ayarlar!$B$4,F14),0)+IF(AND(Ayarlar!$B$22=Ayarlar!$E$21,ISNUMBER(K14)),IF(J14="",Ayarlar!$B$5,J14),0)+IF(AND(Ayarlar!$B$23=Ayarlar!$E$21,ISNUMBER(O14)),IF(N14="",Ayarlar!$B$6,N14),0)+IF(AND(Ayarlar!$B$24=Ayarlar!$E$21,ISNUMBER(S14)),IF(R14="",Ayarlar!$B$7,R14),0)+IF(AND(Ayarlar!$B$25=Ayarlar!$E$21,ISNUMBER(W14)),IF(V14="",Ayarlar!$B$8,V14),0)+IF(AND(Ayarlar!$B$26=Ayarlar!$E$21,ISNUMBER(AA14)),IF(Z14="",Ayarlar!$B$9,Z14),0)+IF(AND(Ayarlar!$B$27=Ayarlar!$E$21,ISNUMBER(AE14)),IF(AD14="",Ayarlar!$B$10,AD14),0)+IF(AND(Ayarlar!$B$28=Ayarlar!$E$21,ISNUMBER(AI14)),IF(AH14="",Ayarlar!$B$11,AH14),0))*Ayarlar!$F$21,"") | AR14: =IFERROR((IF(Ayarlar!$B$21=Ayarlar!$E$22,N(G14),0)+IF(Ayarlar!$B$22=Ayarlar!$E$22,N(K14),0)+IF(Ayarlar!$B$23=Ayarlar!$E$22,N(O14),0)+IF(Ayarlar!$B$24=Ayarlar!$E$22,N(S14),0)+IF(Ayarlar!$B$25=Ayarlar!$E$22,N(W14),0)+IF(Ayarlar!$B$26=Ayarlar!$E$22,N(AA14),0)+IF(Ayarlar!$B$27=Ayarlar!$E$22,N(AE14),0)+IF(Ayarlar!$B$28=Ayarlar!$E$22,N(AI14),0))/(IF(AND(Ayarlar!$B$21=Ayarlar!$E$22,ISNUMBER(G14)),IF(F14="",Ayarlar!$B$4,F14),0)+IF(AND(Ayarlar!$B$22=Ayarlar!$E$22,ISNUMBER(K14)),IF(J14="",Ayarlar!$B$5,J14),0)+IF(AND(Ayarlar!$B$23=Ayarlar!$E$22,ISNUMBER(O14)),IF(N14="",Ayarlar!$B$6,N14),0)+IF(AND(Ayarlar!$B$24=Ayarlar!$E$22,ISNUMBER(S14)),IF(R14="",Ayarlar!$B$7,R14),0)+IF(AND(Ayarlar!$B$25=Ayarlar!$E$22,ISNUMBER(W14)),IF(V14="",Ayarlar!$B$8,V14),0)+IF(AND(Ayarlar!$B$26=Ayarlar!$E$22,ISNUMBER(AA14)),IF(Z14="",Ayarlar!$B$9,Z14),0)+IF(AND(Ayarlar!$B$27=Ayarlar!$E$22,ISNUMBER(AE14)),IF(AD14="",Ayarlar!$B$10,AD14),0)+IF(AND(Ayarlar!$B$28=Ayarlar!$E$22,ISNUMBER(AI14)),IF(AH14="",Ayarlar!$B$11,AH14),0))*Ayarlar!$F$22,"") | AS14: =IFERROR((IF(Ayarlar!$B$21=Ayarlar!$E$23,N(G14),0)+IF(Ayarlar!$B$22=Ayarlar!$E$23,N(K14),0)+IF(Ayarlar!$B$23=Ayarlar!$E$23,N(O14),0)+IF(Ayarlar!$B$24=Ayarlar!$E$23,N(S14),0)+IF(Ayarlar!$B$25=Ayarlar!$E$23,N(W14),0)+IF(Ayarlar!$B$26=Ayarlar!$E$23,N(AA14),0)+IF(Ayarlar!$B$27=Ayarlar!$E$23,N(AE14),0)+IF(Ayarlar!$B$28=Ayarlar!$E$23,N(AI14),0))/(IF(AND(Ayarlar!$B$21=Ayarlar!$E$23,ISNUMBER(G14)),IF(F14="",Ayarlar!$B$4,F14),0)+IF(AND(Ayarlar!$B$22=Ayarlar!$E$23,ISNUMBER(K14)),IF(J14="",Ayarlar!$B$5,J14),0)+IF(AND(Ayarlar!$B$23=Ayarlar!$E$23,ISNUMBER(O14)),IF(N14="",Ayarlar!$B$6,N14),0)+IF(AND(Ayarlar!$B$24=Ayarlar!$E$23,ISNUMBER(S14)),IF(R14="",Ayarlar!$B$7,R14),0)+IF(AND(Ayarlar!$B$25=Ayarlar!$E$23,ISNUMBER(W14)),IF(V14="",Ayarlar!$B$8,V14),0)+IF(AND(Ayarlar!$B$26=Ayarlar!$E$23,ISNUMBER(AA14)),IF(Z14="",Ayarlar!$B$9,Z14),0)+IF(AND(Ayarlar!$B$27=Ayarlar!$E$23,ISNUMBER(AE14)),IF(AD14="",Ayarlar!$B$10,AD14),0)+IF(AND(Ayarlar!$B$28=Ayarlar!$E$23,ISNUMBER(AI14)),IF(AH14="",Ayarlar!$B$11,AH14),0))*Ayarlar!$F$23,"") | AT14: =IFERROR((IF(Ayarlar!$B$21=Ayarlar!$E$24,N(G14),0)+IF(Ayarlar!$B$22=Ayarlar!$E$24,N(K14),0)+IF(Ayarlar!$B$23=Ayarlar!$E$24,N(O14),0)+IF(Ayarlar!$B$24=Ayarlar!$E$24,N(S14),0)+IF(Ayarlar!$B$25=Ayarlar!$E$24,N(W14),0)+IF(Ayarlar!$B$26=Ayarlar!$E$24,N(AA14),0)+IF(Ayarlar!$B$27=Ayarlar!$E$24,N(AE14),0)+IF(Ayarlar!$B$28=Ayarlar!$E$24,N(AI14),0))/(IF(AND(Ayarlar!$B$21=Ayarlar!$E$24,ISNUMBER(G14)),IF(F14="",Ayarlar!$B$4,F14),0)+IF(AND(Ayarlar!$B$22=Ayarlar!$E$24,ISNUMBER(K14)),IF(J14="",Ayarlar!$B$5,J14),0)+IF(AND(Ayarlar!$B$23=Ayarlar!$E$24,ISNUMBER(O14)),IF(N14="",Ayarlar!$B$6,N14),0)+IF(AND(Ayarlar!$B$24=Ayarlar!$E$24,ISNUMBER(S14)),IF(R14="",Ayarlar!$B$7,R14),0)+IF(AND(Ayarlar!$B$25=Ayarlar!$E$24,ISNUMBER(W14)),IF(V14="",Ayarlar!$B$8,V14),0)+IF(AND(Ayarlar!$B$26=Ayarlar!$E$24,ISNUMBER(AA14)),IF(Z14="",Ayarlar!$B$9,Z14),0)+IF(AND(Ayarlar!$B$27=Ayarlar!$E$24,ISNUMBER(AE14)),IF(AD14="",Ayarlar!$B$10,AD14),0)+IF(AND(Ayarlar!$B$28=Ayarlar!$E$24,ISNUMBER(AI14)),IF(AH14="",Ayarlar!$B$11,AH14),0))*Ayarlar!$F$24,"") | AU14: =IF(COUNT(AQ14,AR14,AS14,AT14)<4,"",Ayarlar!$F$25+AQ14*Ayarlar!$G$21+AR14*Ayarlar!$G$22+AS14*Ayarlar!$G$23+AT14*Ayarlar!$G$24)
A15: 11 | G15: =IF(AND(D15="",E15=""),"",D15-IF(Ayarlar!$B$16>0,E15/Ayarlar!$B$16,0)) | K15: =IF(AND(H15="",I15=""),"",H15-IF(Ayarlar!$B$16>0,I15/Ayarlar!$B$16,0)) | O15: =IF(AND(L15="",M15=""),"",L15-IF(Ayarlar!$B$16>0,M15/Ayarlar!$B$16,0)) | S15: =IF(AND(P15="",Q15=""),"",P15-IF(Ayarlar!$B$16>0,Q15/Ayarlar!$B$16,0)) | W15: =IF(AND(T15="",U15=""),"",T15-IF(Ayarlar!$B$16>0,U15/Ayarlar!$B$16,0)) | AA15: =IF(AND(X15="",Y15=""),"",X15-IF(Ayarlar!$B$16>0,Y15/Ayarlar!$B$16,0)) | AE15: =IF(AND(AB15="",AC15=""),"",AB15-IF(Ayarlar!$B$16>0,AC15/Ayarlar!$B$16,0)) | AI15: =IF(AND(AF15="",AG15=""),"",AF15-IF(Ayarlar!$B$16>0,AG15/Ayarlar!$B$16,0)) | AJ15: =IF(COUNT(D15,E15,H15,I15,L15,M15,P15,Q15,T15,U15,X15,Y15,AB15,AC15,AF15,AG15)=0,"",D15+H15+L15+P15+T15+X15+AB15+AF15) | AK15: =IF(COUNT(D15,E15,H15,I15,L15,M15,P15,Q15,T15,U15,X15,Y15,AB15,AC15,AF15,AG15)=0,"",E15+I15+M15+Q15+U15+Y15+AC15+AG15) | AL15: =IF(COUNT(D15,E15,H15,I15,L15,M15,P15,Q15,T15,U15,X15,Y15,AB15,AC15,AF15,AG15)=0,"",IF(ISNUMBER(G15),IF(F15="",Ayarlar!$B$4,F15),0)+IF(ISNUMBER(K15),IF(J15="",Ayarlar!$B$5,J15),0)+IF(ISNUMBER(O15),IF(N15="",Ayarlar!$B$6,N15),0)+IF(ISNUMBER(S15),IF(R15="",Ayarlar!$B$7,R15),0)+IF(ISNUMBER(W15),IF(V15="",Ayarlar!$B$8,V15),0)+IF(ISNUMBER(AA15),IF(Z15="",Ayarlar!$B$9,Z15),0)+IF(ISNUMBER(AE15),IF(AD15="",Ayarlar!$B$10,AD15),0)+IF(ISNUMBER(AI15),IF(AH15="",Ayarlar!$B$11,AH15),0)) | AM15: =IF(COUNT(D15,E15,H15,I15,L15,M15,P15,Q15,T15,U15,X15,Y15,AB15,AC15,AF15,AG15)=0,"",AL15-AJ15-AK15) | AN15: =IF(COUNT(D15,E15,H15,I15,L15,M15,P15,Q15,T15,U15,X15,Y15,AB15,AC15,AF15,AG15)=0,"",SUM(G15,K15,O15,S15,W15,AA15,AE15,AI15)) | AO15: =IF(OR(COUNT(D15,E15,H15,I15,L15,M15,P15,Q15,T15,U15,X15,Y15,AB15,AC15,AF15,AG15)=0,N(AL15)=0),"",AN15/AL15) | AP15: =IF(OR(AO15="",AO14=""),"",AO15-AO14) | AQ15: =IFERROR((IF(Ayarlar!$B$21=Ayarlar!$E$21,N(G15),0)+IF(Ayarlar!$B$22=Ayarlar!$E$21,N(K15),0)+IF(Ayarlar!$B$23=Ayarlar!$E$21,N(O15),0)+IF(Ayarlar!$B$24=Ayarlar!$E$21,N(S15),0)+IF(Ayarlar!$B$25=Ayarlar!$E$21,N(W15),0)+IF(Ayarlar!$B$26=Ayarlar!$E$21,N(AA15),0)+IF(Ayarlar!$B$27=Ayarlar!$E$21,N(AE15),0)+IF(Ayarlar!$B$28=Ayarlar!$E$21,N(AI15),0))/(IF(AND(Ayarlar!$B$21=Ayarlar!$E$21,ISNUMBER(G15)),IF(F15="",Ayarlar!$B$4,F15),0)+IF(AND(Ayarlar!$B$22=Ayarlar!$E$21,ISNUMBER(K15)),IF(J15="",Ayarlar!$B$5,J15),0)+IF(AND(Ayarlar!$B$23=Ayarlar!$E$21,ISNUMBER(O15)),IF(N15="",Ayarlar!$B$6,N15),0)+IF(AND(Ayarlar!$B$24=Ayarlar!$E$21,ISNUMBER(S15)),IF(R15="",Ayarlar!$B$7,R15),0)+IF(AND(Ayarlar!$B$25=Ayarlar!$E$21,ISNUMBER(W15)),IF(V15="",Ayarlar!$B$8,V15),0)+IF(AND(Ayarlar!$B$26=Ayarlar!$E$21,ISNUMBER(AA15)),IF(Z15="",Ayarlar!$B$9,Z15),0)+IF(AND(Ayarlar!$B$27=Ayarlar!$E$21,ISNUMBER(AE15)),IF(AD15="",Ayarlar!$B$10,AD15),0)+IF(AND(Ayarlar!$B$28=Ayarlar!$E$21,ISNUMBER(AI15)),IF(AH15="",Ayarlar!$B$11,AH15),0))*Ayarlar!$F$21,"") | AR15: =IFERROR((IF(Ayarlar!$B$21=Ayarlar!$E$22,N(G15),0)+IF(Ayarlar!$B$22=Ayarlar!$E$22,N(K15),0)+IF(Ayarlar!$B$23=Ayarlar!$E$22,N(O15),0)+IF(Ayarlar!$B$24=Ayarlar!$E$22,N(S15),0)+IF(Ayarlar!$B$25=Ayarlar!$E$22,N(W15),0)+IF(Ayarlar!$B$26=Ayarlar!$E$22,N(AA15),0)+IF(Ayarlar!$B$27=Ayarlar!$E$22,N(AE15),0)+IF(Ayarlar!$B$28=Ayarlar!$E$22,N(AI15),0))/(IF(AND(Ayarlar!$B$21=Ayarlar!$E$22,ISNUMBER(G15)),IF(F15="",Ayarlar!$B$4,F15),0)+IF(AND(Ayarlar!$B$22=Ayarlar!$E$22,ISNUMBER(K15)),IF(J15="",Ayarlar!$B$5,J15),0)+IF(AND(Ayarlar!$B$23=Ayarlar!$E$22,ISNUMBER(O15)),IF(N15="",Ayarlar!$B$6,N15),0)+IF(AND(Ayarlar!$B$24=Ayarlar!$E$22,ISNUMBER(S15)),IF(R15="",Ayarlar!$B$7,R15),0)+IF(AND(Ayarlar!$B$25=Ayarlar!$E$22,ISNUMBER(W15)),IF(V15="",Ayarlar!$B$8,V15),0)+IF(AND(Ayarlar!$B$26=Ayarlar!$E$22,ISNUMBER(AA15)),IF(Z15="",Ayarlar!$B$9,Z15),0)+IF(AND(Ayarlar!$B$27=Ayarlar!$E$22,ISNUMBER(AE15)),IF(AD15="",Ayarlar!$B$10,AD15),0)+IF(AND(Ayarlar!$B$28=Ayarlar!$E$22,ISNUMBER(AI15)),IF(AH15="",Ayarlar!$B$11,AH15),0))*Ayarlar!$F$22,"") | AS15: =IFERROR((IF(Ayarlar!$B$21=Ayarlar!$E$23,N(G15),0)+IF(Ayarlar!$B$22=Ayarlar!$E$23,N(K15),0)+IF(Ayarlar!$B$23=Ayarlar!$E$23,N(O15),0)+IF(Ayarlar!$B$24=Ayarlar!$E$23,N(S15),0)+IF(Ayarlar!$B$25=Ayarlar!$E$23,N(W15),0)+IF(Ayarlar!$B$26=Ayarlar!$E$23,N(AA15),0)+IF(Ayarlar!$B$27=Ayarlar!$E$23,N(AE15),0)+IF(Ayarlar!$B$28=Ayarlar!$E$23,N(AI15),0))/(IF(AND(Ayarlar!$B$21=Ayarlar!$E$23,ISNUMBER(G15)),IF(F15="",Ayarlar!$B$4,F15),0)+IF(AND(Ayarlar!$B$22=Ayarlar!$E$23,ISNUMBER(K15)),IF(J15="",Ayarlar!$B$5,J15),0)+IF(AND(Ayarlar!$B$23=Ayarlar!$E$23,ISNUMBER(O15)),IF(N15="",Ayarlar!$B$6,N15),0)+IF(AND(Ayarlar!$B$24=Ayarlar!$E$23,ISNUMBER(S15)),IF(R15="",Ayarlar!$B$7,R15),0)+IF(AND(Ayarlar!$B$25=Ayarlar!$E$23,ISNUMBER(W15)),IF(V15="",Ayarlar!$B$8,V15),0)+IF(AND(Ayarlar!$B$26=Ayarlar!$E$23,ISNUMBER(AA15)),IF(Z15="",Ayarlar!$B$9,Z15),0)+IF(AND(Ayarlar!$B$27=Ayarlar!$E$23,ISNUMBER(AE15)),IF(AD15="",Ayarlar!$B$10,AD15),0)+IF(AND(Ayarlar!$B$28=Ayarlar!$E$23,ISNUMBER(AI15)),IF(AH15="",Ayarlar!$B$11,AH15),0))*Ayarlar!$F$23,"") | AT15: =IFERROR((IF(Ayarlar!$B$21=Ayarlar!$E$24,N(G15),0)+IF(Ayarlar!$B$22=Ayarlar!$E$24,N(K15),0)+IF(Ayarlar!$B$23=Ayarlar!$E$24,N(O15),0)+IF(Ayarlar!$B$24=Ayarlar!$E$24,N(S15),0)+IF(Ayarlar!$B$25=Ayarlar!$E$24,N(W15),0)+IF(Ayarlar!$B$26=Ayarlar!$E$24,N(AA15),0)+IF(Ayarlar!$B$27=Ayarlar!$E$24,N(AE15),0)+IF(Ayarlar!$B$28=Ayarlar!$E$24,N(AI15),0))/(IF(AND(Ayarlar!$B$21=Ayarlar!$E$24,ISNUMBER(G15)),IF(F15="",Ayarlar!$B$4,F15),0)+IF(AND(Ayarlar!$B$22=Ayarlar!$E$24,ISNUMBER(K15)),IF(J15="",Ayarlar!$B$5,J15),0)+IF(AND(Ayarlar!$B$23=Ayarlar!$E$24,ISNUMBER(O15)),IF(N15="",Ayarlar!$B$6,N15),0)+IF(AND(Ayarlar!$B$24=Ayarlar!$E$24,ISNUMBER(S15)),IF(R15="",Ayarlar!$B$7,R15),0)+IF(AND(Ayarlar!$B$25=Ayarlar!$E$24,ISNUMBER(W15)),IF(V15="",Ayarlar!$B$8,V15),0)+IF(AND(Ayarlar!$B$26=Ayarlar!$E$24,ISNUMBER(AA15)),IF(Z15="",Ayarlar!$B$9,Z15),0)+IF(AND(Ayarlar!$B$27=Ayarlar!$E$24,ISNUMBER(AE15)),IF(AD15="",Ayarlar!$B$10,AD15),0)+IF(AND(Ayarlar!$B$28=Ayarlar!$E$24,ISNUMBER(AI15)),IF(AH15="",Ayarlar!$B$11,AH15),0))*Ayarlar!$F$24,"") | AU15: =IF(COUNT(AQ15,AR15,AS15,AT15)<4,"",Ayarlar!$F$25+AQ15*Ayarlar!$G$21+AR15*Ayarlar!$G$22+AS15*Ayarlar!$G$23+AT15*Ayarlar!$G$24)
A16: 12 | G16: =IF(AND(D16="",E16=""),"",D16-IF(Ayarlar!$B$16>0,E16/Ayarlar!$B$16,0)) | K16: =IF(AND(H16="",I16=""),"",H16-IF(Ayarlar!$B$16>0,I16/Ayarlar!$B$16,0)) | O16: =IF(AND(L16="",M16=""),"",L16-IF(Ayarlar!$B$16>0,M16/Ayarlar!$B$16,0)) | S16: =IF(AND(P16="",Q16=""),"",P16-IF(Ayarlar!$B$16>0,Q16/Ayarlar!$B$16,0)) | W16: =IF(AND(T16="",U16=""),"",T16-IF(Ayarlar!$B$16>0,U16/Ayarlar!$B$16,0)) | AA16: =IF(AND(X16="",Y16=""),"",X16-IF(Ayarlar!$B$16>0,Y16/Ayarlar!$B$16,0)) | AE16: =IF(AND(AB16="",AC16=""),"",AB16-IF(Ayarlar!$B$16>0,AC16/Ayarlar!$B$16,0)) | AI16: =IF(AND(AF16="",AG16=""),"",AF16-IF(Ayarlar!$B$16>0,AG16/Ayarlar!$B$16,0)) | AJ16: =IF(COUNT(D16,E16,H16,I16,L16,M16,P16,Q16,T16,U16,X16,Y16,AB16,AC16,AF16,AG16)=0,"",D16+H16+L16+P16+T16+X16+AB16+AF16) | AK16: =IF(COUNT(D16,E16,H16,I16,L16,M16,P16,Q16,T16,U16,X16,Y16,AB16,AC16,AF16,AG16)=0,"",E16+I16+M16+Q16+U16+Y16+AC16+AG16) | AL16: =IF(COUNT(D16,E16,H16,I16,L16,M16,P16,Q16,T16,U16,X16,Y16,AB16,AC16,AF16,AG16)=0,"",IF(ISNUMBER(G16),IF(F16="",Ayarlar!$B$4,F16),0)+IF(ISNUMBER(K16),IF(J16="",Ayarlar!$B$5,J16),0)+IF(ISNUMBER(O16),IF(N16="",Ayarlar!$B$6,N16),0)+IF(ISNUMBER(S16),IF(R16="",Ayarlar!$B$7,R16),0)+IF(ISNUMBER(W16),IF(V16="",Ayarlar!$B$8,V16),0)+IF(ISNUMBER(AA16),IF(Z16="",Ayarlar!$B$9,Z16),0)+IF(ISNUMBER(AE16),IF(AD16="",Ayarlar!$B$10,AD16),0)+IF(ISNUMBER(AI16),IF(AH16="",Ayarlar!$B$11,AH16),0)) | AM16: =IF(COUNT(D16,E16,H16,I16,L16,M16,P16,Q16,T16,U16,X16,Y16,AB16,AC16,AF16,AG16)=0,"",AL16-AJ16-AK16) | AN16: =IF(COUNT(D16,E16,H16,I16,L16,M16,P16,Q16,T16,U16,X16,Y16,AB16,AC16,AF16,AG16)=0,"",SUM(G16,K16,O16,S16,W16,AA16,AE16,AI16)) | AO16: =IF(OR(COUNT(D16,E16,H16,I16,L16,M16,P16,Q16,T16,U16,X16,Y16,AB16,AC16,AF16,AG16)=0,N(AL16)=0),"",AN16/AL16) | AP16: =IF(OR(AO16="",AO15=""),"",AO16-AO15) | AQ16: =IFERROR((IF(Ayarlar!$B$21=Ayarlar!$E$21,N(G16),0)+IF(Ayarlar!$B$22=Ayarlar!$E$21,N(K16),0)+IF(Ayarlar!$B$23=Ayarlar!$E$21,N(O16),0)+IF(Ayarlar!$B$24=Ayarlar!$E$21,N(S16),0)+IF(Ayarlar!$B$25=Ayarlar!$E$21,N(W16),0)+IF(Ayarlar!$B$26=Ayarlar!$E$21,N(AA16),0)+IF(Ayarlar!$B$27=Ayarlar!$E$21,N(AE16),0)+IF(Ayarlar!$B$28=Ayarlar!$E$21,N(AI16),0))/(IF(AND(Ayarlar!$B$21=Ayarlar!$E$21,ISNUMBER(G16)),IF(F16="",Ayarlar!$B$4,F16),0)+IF(AND(Ayarlar!$B$22=Ayarlar!$E$21,ISNUMBER(K16)),IF(J16="",Ayarlar!$B$5,J16),0)+IF(AND(Ayarlar!$B$23=Ayarlar!$E$21,ISNUMBER(O16)),IF(N16="",Ayarlar!$B$6,N16),0)+IF(AND(Ayarlar!$B$24=Ayarlar!$E$21,ISNUMBER(S16)),IF(R16="",Ayarlar!$B$7,R16),0)+IF(AND(Ayarlar!$B$25=Ayarlar!$E$21,ISNUMBER(W16)),IF(V16="",Ayarlar!$B$8,V16),0)+IF(AND(Ayarlar!$B$26=Ayarlar!$E$21,ISNUMBER(AA16)),IF(Z16="",Ayarlar!$B$9,Z16),0)+IF(AND(Ayarlar!$B$27=Ayarlar!$E$21,ISNUMBER(AE16)),IF(AD16="",Ayarlar!$B$10,AD16),0)+IF(AND(Ayarlar!$B$28=Ayarlar!$E$21,ISNUMBER(AI16)),IF(AH16="",Ayarlar!$B$11,AH16),0))*Ayarlar!$F$21,"") | AR16: =IFERROR((IF(Ayarlar!$B$21=Ayarlar!$E$22,N(G16),0)+IF(Ayarlar!$B$22=Ayarlar!$E$22,N(K16),0)+IF(Ayarlar!$B$23=Ayarlar!$E$22,N(O16),0)+IF(Ayarlar!$B$24=Ayarlar!$E$22,N(S16),0)+IF(Ayarlar!$B$25=Ayarlar!$E$22,N(W16),0)+IF(Ayarlar!$B$26=Ayarlar!$E$22,N(AA16),0)+IF(Ayarlar!$B$27=Ayarlar!$E$22,N(AE16),0)+IF(Ayarlar!$B$28=Ayarlar!$E$22,N(AI16),0))/(IF(AND(Ayarlar!$B$21=Ayarlar!$E$22,ISNUMBER(G16)),IF(F16="",Ayarlar!$B$4,F16),0)+IF(AND(Ayarlar!$B$22=Ayarlar!$E$22,ISNUMBER(K16)),IF(J16="",Ayarlar!$B$5,J16),0)+IF(AND(Ayarlar!$B$23=Ayarlar!$E$22,ISNUMBER(O16)),IF(N16="",Ayarlar!$B$6,N16),0)+IF(AND(Ayarlar!$B$24=Ayarlar!$E$22,ISNUMBER(S16)),IF(R16="",Ayarlar!$B$7,R16),0)+IF(AND(Ayarlar!$B$25=Ayarlar!$E$22,ISNUMBER(W16)),IF(V16="",Ayarlar!$B$8,V16),0)+IF(AND(Ayarlar!$B$26=Ayarlar!$E$22,ISNUMBER(AA16)),IF(Z16="",Ayarlar!$B$9,Z16),0)+IF(AND(Ayarlar!$B$27=Ayarlar!$E$22,ISNUMBER(AE16)),IF(AD16="",Ayarlar!$B$10,AD16),0)+IF(AND(Ayarlar!$B$28=Ayarlar!$E$22,ISNUMBER(AI16)),IF(AH16="",Ayarlar!$B$11,AH16),0))*Ayarlar!$F$22,"") | AS16: =IFERROR((IF(Ayarlar!$B$21=Ayarlar!$E$23,N(G16),0)+IF(Ayarlar!$B$22=Ayarlar!$E$23,N(K16),0)+IF(Ayarlar!$B$23=Ayarlar!$E$23,N(O16),0)+IF(Ayarlar!$B$24=Ayarlar!$E$23,N(S16),0)+IF(Ayarlar!$B$25=Ayarlar!$E$23,N(W16),0)+IF(Ayarlar!$B$26=Ayarlar!$E$23,N(AA16),0)+IF(Ayarlar!$B$27=Ayarlar!$E$23,N(AE16),0)+IF(Ayarlar!$B$28=Ayarlar!$E$23,N(AI16),0))/(IF(AND(Ayarlar!$B$21=Ayarlar!$E$23,ISNUMBER(G16)),IF(F16="",Ayarlar!$B$4,F16),0)+IF(AND(Ayarlar!$B$22=Ayarlar!$E$23,ISNUMBER(K16)),IF(J16="",Ayarlar!$B$5,J16),0)+IF(AND(Ayarlar!$B$23=Ayarlar!$E$23,ISNUMBER(O16)),IF(N16="",Ayarlar!$B$6,N16),0)+IF(AND(Ayarlar!$B$24=Ayarlar!$E$23,ISNUMBER(S16)),IF(R16="",Ayarlar!$B$7,R16),0)+IF(AND(Ayarlar!$B$25=Ayarlar!$E$23,ISNUMBER(W16)),IF(V16="",Ayarlar!$B$8,V16),0)+IF(AND(Ayarlar!$B$26=Ayarlar!$E$23,ISNUMBER(AA16)),IF(Z16="",Ayarlar!$B$9,Z16),0)+IF(AND(Ayarlar!$B$27=Ayarlar!$E$23,ISNUMBER(AE16)),IF(AD16="",Ayarlar!$B$10,AD16),0)+IF(AND(Ayarlar!$B$28=Ayarlar!$E$23,ISNUMBER(AI16)),IF(AH16="",Ayarlar!$B$11,AH16),0))*Ayarlar!$F$23,"") | AT16: =IFERROR((IF(Ayarlar!$B$21=Ayarlar!$E$24,N(G16),0)+IF(Ayarlar!$B$22=Ayarlar!$E$24,N(K16),0)+IF(Ayarlar!$B$23=Ayarlar!$E$24,N(O16),0)+IF(Ayarlar!$B$24=Ayarlar!$E$24,N(S16),0)+IF(Ayarlar!$B$25=Ayarlar!$E$24,N(W16),0)+IF(Ayarlar!$B$26=Ayarlar!$E$24,N(AA16),0)+IF(Ayarlar!$B$27=Ayarlar!$E$24,N(AE16),0)+IF(Ayarlar!$B$28=Ayarlar!$E$24,N(AI16),0))/(IF(AND(Ayarlar!$B$21=Ayarlar!$E$24,ISNUMBER(G16)),IF(F16="",Ayarlar!$B$4,F16),0)+IF(AND(Ayarlar!$B$22=Ayarlar!$E$24,ISNUMBER(K16)),IF(J16="",Ayarlar!$B$5,J16),0)+IF(AND(Ayarlar!$B$23=Ayarlar!$E$24,ISNUMBER(O16)),IF(N16="",Ayarlar!$B$6,N16),0)+IF(AND(Ayarlar!$B$24=Ayarlar!$E$24,ISNUMBER(S16)),IF(R16="",Ayarlar!$B$7,R16),0)+IF(AND(Ayarlar!$B$25=Ayarlar!$E$24,ISNUMBER(W16)),IF(V16="",Ayarlar!$B$8,V16),0)+IF(AND(Ayarlar!$B$26=Ayarlar!$E$24,ISNUMBER(AA16)),IF(Z16="",Ayarlar!$B$9,Z16),0)+IF(AND(Ayarlar!$B$27=Ayarlar!$E$24,ISNUMBER(AE16)),IF(AD16="",Ayarlar!$B$10,AD16),0)+IF(AND(Ayarlar!$B$28=Ayarlar!$E$24,ISNUMBER(AI16)),IF(AH16="",Ayarlar!$B$11,AH16),0))*Ayarlar!$F$24,"") | AU16: =IF(COUNT(AQ16,AR16,AS16,AT16)<4,"",Ayarlar!$F$25+AQ16*Ayarlar!$G$21+AR16*Ayarlar!$G$22+AS16*Ayarlar!$G$23+AT16*Ayarlar!$G$24)
A17: 13 | G17: =IF(AND(D17="",E17=""),"",D17-IF(Ayarlar!$B$16>0,E17/Ayarlar!$B$16,0)) | K17: =IF(AND(H17="",I17=""),"",H17-IF(Ayarlar!$B$16>0,I17/Ayarlar!$B$16,0)) | O17: =IF(AND(L17="",M17=""),"",L17-IF(Ayarlar!$B$16>0,M17/Ayarlar!$B$16,0)) | S17: =IF(AND(P17="",Q17=""),"",P17-IF(Ayarlar!$B$16>0,Q17/Ayarlar!$B$16,0)) | W17: =IF(AND(T17="",U17=""),"",T17-IF(Ayarlar!$B$16>0,U17/Ayarlar!$B$16,0)) | AA17: =IF(AND(X17="",Y17=""),"",X17-IF(Ayarlar!$B$16>0,Y17/Ayarlar!$B$16,0)) | AE17: =IF(AND(AB17="",AC17=""),"",AB17-IF(Ayarlar!$B$16>0,AC17/Ayarlar!$B$16,0)) | AI17: =IF(AND(AF17="",AG17=""),"",AF17-IF(Ayarlar!$B$16>0,AG17/Ayarlar!$B$16,0)) | AJ17: =IF(COUNT(D17,E17,H17,I17,L17,M17,P17,Q17,T17,U17,X17,Y17,AB17,AC17,AF17,AG17)=0,"",D17+H17+L17+P17+T17+X17+AB17+AF17) | AK17: =IF(COUNT(D17,E17,H17,I17,L17,M17,P17,Q17,T17,U17,X17,Y17,AB17,AC17,AF17,AG17)=0,"",E17+I17+M17+Q17+U17+Y17+AC17+AG17) | AL17: =IF(COUNT(D17,E17,H17,I17,L17,M17,P17,Q17,T17,U17,X17,Y17,AB17,AC17,AF17,AG17)=0,"",IF(ISNUMBER(G17),IF(F17="",Ayarlar!$B$4,F17),0)+IF(ISNUMBER(K17),IF(J17="",Ayarlar!$B$5,J17),0)+IF(ISNUMBER(O17),IF(N17="",Ayarlar!$B$6,N17),0)+IF(ISNUMBER(S17),IF(R17="",Ayarlar!$B$7,R17),0)+IF(ISNUMBER(W17),IF(V17="",Ayarlar!$B$8,V17),0)+IF(ISNUMBER(AA17),IF(Z17="",Ayarlar!$B$9,Z17),0)+IF(ISNUMBER(AE17),IF(AD17="",Ayarlar!$B$10,AD17),0)+IF(ISNUMBER(AI17),IF(AH17="",Ayarlar!$B$11,AH17),0)) | AM17: =IF(COUNT(D17,E17,H17,I17,L17,M17,P17,Q17,T17,U17,X17,Y17,AB17,AC17,AF17,AG17)=0,"",AL17-AJ17-AK17) | AN17: =IF(COUNT(D17,E17,H17,I17,L17,M17,P17,Q17,T17,U17,X17,Y17,AB17,AC17,AF17,AG17)=0,"",SUM(G17,K17,O17,S17,W17,AA17,AE17,AI17)) | AO17: =IF(OR(COUNT(D17,E17,H17,I17,L17,M17,P17,Q17,T17,U17,X17,Y17,AB17,AC17,AF17,AG17)=0,N(AL17)=0),"",AN17/AL17) | AP17: =IF(OR(AO17="",AO16=""),"",AO17-AO16) | AQ17: =IFERROR((IF(Ayarlar!$B$21=Ayarlar!$E$21,N(G17),0)+IF(Ayarlar!$B$22=Ayarlar!$E$21,N(K17),0)+IF(Ayarlar!$B$23=Ayarlar!$E$21,N(O17),0)+IF(Ayarlar!$B$24=Ayarlar!$E$21,N(S17),0)+IF(Ayarlar!$B$25=Ayarlar!$E$21,N(W17),0)+IF(Ayarlar!$B$26=Ayarlar!$E$21,N(AA17),0)+IF(Ayarlar!$B$27=Ayarlar!$E$21,N(AE17),0)+IF(Ayarlar!$B$28=Ayarlar!$E$21,N(AI17),0))/(IF(AND(Ayarlar!$B$21=Ayarlar!$E$21,ISNUMBER(G17)),IF(F17="",Ayarlar!$B$4,F17),0)+IF(AND(Ayarlar!$B$22=Ayarlar!$E$21,ISNUMBER(K17)),IF(J17="",Ayarlar!$B$5,J17),0)+IF(AND(Ayarlar!$B$23=Ayarlar!$E$21,ISNUMBER(O17)),IF(N17="",Ayarlar!$B$6,N17),0)+IF(AND(Ayarlar!$B$24=Ayarlar!$E$21,ISNUMBER(S17)),IF(R17="",Ayarlar!$B$7,R17),0)+IF(AND(Ayarlar!$B$25=Ayarlar!$E$21,ISNUMBER(W17)),IF(V17="",Ayarlar!$B$8,V17),0)+IF(AND(Ayarlar!$B$26=Ayarlar!$E$21,ISNUMBER(AA17)),IF(Z17="",Ayarlar!$B$9,Z17),0)+IF(AND(Ayarlar!$B$27=Ayarlar!$E$21,ISNUMBER(AE17)),IF(AD17="",Ayarlar!$B$10,AD17),0)+IF(AND(Ayarlar!$B$28=Ayarlar!$E$21,ISNUMBER(AI17)),IF(AH17="",Ayarlar!$B$11,AH17),0))*Ayarlar!$F$21,"") | AR17: =IFERROR((IF(Ayarlar!$B$21=Ayarlar!$E$22,N(G17),0)+IF(Ayarlar!$B$22=Ayarlar!$E$22,N(K17),0)+IF(Ayarlar!$B$23=Ayarlar!$E$22,N(O17),0)+IF(Ayarlar!$B$24=Ayarlar!$E$22,N(S17),0)+IF(Ayarlar!$B$25=Ayarlar!$E$22,N(W17),0)+IF(Ayarlar!$B$26=Ayarlar!$E$22,N(AA17),0)+IF(Ayarlar!$B$27=Ayarlar!$E$22,N(AE17),0)+IF(Ayarlar!$B$28=Ayarlar!$E$22,N(AI17),0))/(IF(AND(Ayarlar!$B$21=Ayarlar!$E$22,ISNUMBER(G17)),IF(F17="",Ayarlar!$B$4,F17),0)+IF(AND(Ayarlar!$B$22=Ayarlar!$E$22,ISNUMBER(K17)),IF(J17="",Ayarlar!$B$5,J17),0)+IF(AND(Ayarlar!$B$23=Ayarlar!$E$22,ISNUMBER(O17)),IF(N17="",Ayarlar!$B$6,N17),0)+IF(AND(Ayarlar!$B$24=Ayarlar!$E$22,ISNUMBER(S17)),IF(R17="",Ayarlar!$B$7,R17),0)+IF(AND(Ayarlar!$B$25=Ayarlar!$E$22,ISNUMBER(W17)),IF(V17="",Ayarlar!$B$8,V17),0)+IF(AND(Ayarlar!$B$26=Ayarlar!$E$22,ISNUMBER(AA17)),IF(Z17="",Ayarlar!$B$9,Z17),0)+IF(AND(Ayarlar!$B$27=Ayarlar!$E$22,ISNUMBER(AE17)),IF(AD17="",Ayarlar!$B$10,AD17),0)+IF(AND(Ayarlar!$B$28=Ayarlar!$E$22,ISNUMBER(AI17)),IF(AH17="",Ayarlar!$B$11,AH17),0))*Ayarlar!$F$22,"") | AS17: =IFERROR((IF(Ayarlar!$B$21=Ayarlar!$E$23,N(G17),0)+IF(Ayarlar!$B$22=Ayarlar!$E$23,N(K17),0)+IF(Ayarlar!$B$23=Ayarlar!$E$23,N(O17),0)+IF(Ayarlar!$B$24=Ayarlar!$E$23,N(S17),0)+IF(Ayarlar!$B$25=Ayarlar!$E$23,N(W17),0)+IF(Ayarlar!$B$26=Ayarlar!$E$23,N(AA17),0)+IF(Ayarlar!$B$27=Ayarlar!$E$23,N(AE17),0)+IF(Ayarlar!$B$28=Ayarlar!$E$23,N(AI17),0))/(IF(AND(Ayarlar!$B$21=Ayarlar!$E$23,ISNUMBER(G17)),IF(F17="",Ayarlar!$B$4,F17),0)+IF(AND(Ayarlar!$B$22=Ayarlar!$E$23,ISNUMBER(K17)),IF(J17="",Ayarlar!$B$5,J17),0)+IF(AND(Ayarlar!$B$23=Ayarlar!$E$23,ISNUMBER(O17)),IF(N17="",Ayarlar!$B$6,N17),0)+IF(AND(Ayarlar!$B$24=Ayarlar!$E$23,ISNUMBER(S17)),IF(R17="",Ayarlar!$B$7,R17),0)+IF(AND(Ayarlar!$B$25=Ayarlar!$E$23,ISNUMBER(W17)),IF(V17="",Ayarlar!$B$8,V17),0)+IF(AND(Ayarlar!$B$26=Ayarlar!$E$23,ISNUMBER(AA17)),IF(Z17="",Ayarlar!$B$9,Z17),0)+IF(AND(Ayarlar!$B$27=Ayarlar!$E$23,ISNUMBER(AE17)),IF(AD17="",Ayarlar!$B$10,AD17),0)+IF(AND(Ayarlar!$B$28=Ayarlar!$E$23,ISNUMBER(AI17)),IF(AH17="",Ayarlar!$B$11,AH17),0))*Ayarlar!$F$23,"") | AT17: =IFERROR((IF(Ayarlar!$B$21=Ayarlar!$E$24,N(G17),0)+IF(Ayarlar!$B$22=Ayarlar!$E$24,N(K17),0)+IF(Ayarlar!$B$23=Ayarlar!$E$24,N(O17),0)+IF(Ayarlar!$B$24=Ayarlar!$E$24,N(S17),0)+IF(Ayarlar!$B$25=Ayarlar!$E$24,N(W17),0)+IF(Ayarlar!$B$26=Ayarlar!$E$24,N(AA17),0)+IF(Ayarlar!$B$27=Ayarlar!$E$24,N(AE17),0)+IF(Ayarlar!$B$28=Ayarlar!$E$24,N(AI17),0))/(IF(AND(Ayarlar!$B$21=Ayarlar!$E$24,ISNUMBER(G17)),IF(F17="",Ayarlar!$B$4,F17),0)+IF(AND(Ayarlar!$B$22=Ayarlar!$E$24,ISNUMBER(K17)),IF(J17="",Ayarlar!$B$5,J17),0)+IF(AND(Ayarlar!$B$23=Ayarlar!$E$24,ISNUMBER(O17)),IF(N17="",Ayarlar!$B$6,N17),0)+IF(AND(Ayarlar!$B$24=Ayarlar!$E$24,ISNUMBER(S17)),IF(R17="",Ayarlar!$B$7,R17),0)+IF(AND(Ayarlar!$B$25=Ayarlar!$E$24,ISNUMBER(W17)),IF(V17="",Ayarlar!$B$8,V17),0)+IF(AND(Ayarlar!$B$26=Ayarlar!$E$24,ISNUMBER(AA17)),IF(Z17="",Ayarlar!$B$9,Z17),0)+IF(AND(Ayarlar!$B$27=Ayarlar!$E$24,ISNUMBER(AE17)),IF(AD17="",Ayarlar!$B$10,AD17),0)+IF(AND(Ayarlar!$B$28=Ayarlar!$E$24,ISNUMBER(AI17)),IF(AH17="",Ayarlar!$B$11,AH17),0))*Ayarlar!$F$24,"") | AU17: =IF(COUNT(AQ17,AR17,AS17,AT17)<4,"",Ayarlar!$F$25+AQ17*Ayarlar!$G$21+AR17*Ayarlar!$G$22+AS17*Ayarlar!$G$23+AT17*Ayarlar!$G$24)
... A54: 50 | G54: =IF(AND(D54="",E54=""),"",D54-IF(Ayarlar!$B$16>0,E54/Ayarlar!$B$16,0)) | K54: =IF(AND(H54="",I54=""),"",H54-IF(Ayarlar!$B$16>0,I54/Ayarlar!$B$16,0)) | O54: =IF(AND(L54="",M54=""),"",L54-IF(Ayarlar!$B$16>0,M54/Ayarlar!$B$16,0)) | S54: =IF(AND(P54="",Q54=""),"",P54-IF(Ayarlar!$B$16>0,Q54/Ayarlar!$B$16,0)) | W54: =IF(AND(T54="",U54=""),"",T54-IF(Ayarlar!$B$16>0,U54/Ayarlar!$B$16,0)) | AA54: =IF(AND(X54="",Y54=""),"",X54-IF(Ayarlar!$B$16>0,Y54/Ayarlar!$B$16,0)) | AE54: =IF(AND(AB54="",AC54=""),"",AB54-IF(Ayarlar!$B$16>0,AC54/Ayarlar!$B$16,0)) | AI54: =IF(AND(AF54="",AG54=""),"",AF54-IF(Ayarlar!$B$16>0,AG54/Ayarlar!$B$16,0)) | AJ54: =IF(COUNT(D54,E54,H54,I54,L54,M54,P54,Q54,T54,U54,X54,Y54,AB54,AC54,AF54,AG54)=0,"",D54+H54+L54+P54+T54+X54+AB54+AF54) | AK54: =IF(COUNT(D54,E54,H54,I54,L54,M54,P54,Q54,T54,U54,X54,Y54,AB54,AC54,AF54,AG54)=0,"",E54+I54+M54+Q54+U54+Y54+AC54+AG54) | AL54: =IF(COUNT(D54,E54,H54,I54,L54,M54,P54,Q54,T54,U54,X54,Y54,AB54,AC54,AF54,AG54)=0,"",IF(ISNUMBER(G54),IF(F54="",Ayarlar!$B$4,F54),0)+IF(ISNUMBER(K54),IF(J54="",Ayarlar!$B$5,J54),0)+IF(ISNUMBER(O54),IF(N54="",Ayarlar!$B$6,N54),0)+IF(ISNUMBER(S54),IF(R54="",Ayarlar!$B$7,R54),0)+IF(ISNUMBER(W54),IF(V54="",Ayarlar!$B$8,V54),0)+IF(ISNUMBER(AA54),IF(Z54="",Ayarlar!$B$9,Z54),0)+IF(ISNUMBER(AE54),IF(AD54="",Ayarlar!$B$10,AD54),0)+IF(ISNUMBER(AI54),IF(AH54="",Ayarlar!$B$11,AH54),0)) | AM54: =IF(COUNT(D54,E54,H54,I54,L54,M54,P54,Q54,T54,U54,X54,Y54,AB54,AC54,AF54,AG54)=0,"",AL54-AJ54-AK54) | AN54: =IF(COUNT(D54,E54,H54,I54,L54,M54,P54,Q54,T54,U54,X54,Y54,AB54,AC54,AF54,AG54)=0,"",SUM(G54,K54,O54,S54,W54,AA54,AE54,AI54)) | AO54: =IF(OR(COUNT(D54,E54,H54,I54,L54,M54,P54,Q54,T54,U54,X54,Y54,AB54,AC54,AF54,AG54)=0,N(AL54)=0),"",AN54/AL54) | AP54: =IF(OR(AO54="",AO53=""),"",AO54-AO53) | AQ54: =IFERROR((IF(Ayarlar!$B$21=Ayarlar!$E$21,N(G54),0)+IF(Ayarlar!$B$22=Ayarlar!$E$21,N(K54),0)+IF(Ayarlar!$B$23=Ayarlar!$E$21,N(O54),0)+IF(Ayarlar!$B$24=Ayarlar!$E$21,N(S54),0)+IF(Ayarlar!$B$25=Ayarlar!$E$21,N(W54),0)+IF(Ayarlar!$B$26=Ayarlar!$E$21,N(AA54),0)+IF(Ayarlar!$B$27=Ayarlar!$E$21,N(AE54),0)+IF(Ayarlar!$B$28=Ayarlar!$E$21,N(AI54),0))/(IF(AND(Ayarlar!$B$21=Ayarlar!$E$21,ISNUMBER(G54)),IF(F54="",Ayarlar!$B$4,F54),0)+IF(AND(Ayarlar!$B$22=Ayarlar!$E$21,ISNUMBER(K54)),IF(J54="",Ayarlar!$B$5,J54),0)+IF(AND(Ayarlar!$B$23=Ayarlar!$E$21,ISNUMBER(O54)),IF(N54="",Ayarlar!$B$6,N54),0)+IF(AND(Ayarlar!$B$24=Ayarlar!$E$21,ISNUMBER(S54)),IF(R54="",Ayarlar!$B$7,R54),0)+IF(AND(Ayarlar!$B$25=Ayarlar!$E$21,ISNUMBER(W54)),IF(V54="",Ayarlar!$B$8,V54),0)+IF(AND(Ayarlar!$B$26=Ayarlar!$E$21,ISNUMBER(AA54)),IF(Z54="",Ayarlar!$B$9,Z54),0)+IF(AND(Ayarlar!$B$27=Ayarlar!$E$21,ISNUMBER(AE54)),IF(AD54="",Ayarlar!$B$10,AD54),0)+IF(AND(Ayarlar!$B$28=Ayarlar!$E$21,ISNUMBER(AI54)),IF(AH54="",Ayarlar!$B$11,AH54),0))*Ayarlar!$F$21,"") | AR54: =IFERROR((IF(Ayarlar!$B$21=Ayarlar!$E$22,N(G54),0)+IF(Ayarlar!$B$22=Ayarlar!$E$22,N(K54),0)+IF(Ayarlar!$B$23=Ayarlar!$E$22,N(O54),0)+IF(Ayarlar!$B$24=Ayarlar!$E$22,N(S54),0)+IF(Ayarlar!$B$25=Ayarlar!$E$22,N(W54),0)+IF(Ayarlar!$B$26=Ayarlar!$E$22,N(AA54),0)+IF(Ayarlar!$B$27=Ayarlar!$E$22,N(AE54),0)+IF(Ayarlar!$B$28=Ayarlar!$E$22,N(AI54),0))/(IF(AND(Ayarlar!$B$21=Ayarlar!$E$22,ISNUMBER(G54)),IF(F54="",Ayarlar!$B$4,F54),0)+IF(AND(Ayarlar!$B$22=Ayarlar!$E$22,ISNUMBER(K54)),IF(J54="",Ayarlar!$B$5,J54),0)+IF(AND(Ayarlar!$B$23=Ayarlar!$E$22,ISNUMBER(O54)),IF(N54="",Ayarlar!$B$6,N54),0)+IF(AND(Ayarlar!$B$24=Ayarlar!$E$22,ISNUMBER(S54)),IF(R54="",Ayarlar!$B$7,R54),0)+IF(AND(Ayarlar!$B$25=Ayarlar!$E$22,ISNUMBER(W54)),IF(V54="",Ayarlar!$B$8,V54),0)+IF(AND(Ayarlar!$B$26=Ayarlar!$E$22,ISNUMBER(AA54)),IF(Z54="",Ayarlar!$B$9,Z54),0)+IF(AND(Ayarlar!$B$27=Ayarlar!$E$22,ISNUMBER(AE54)),IF(AD54="",Ayarlar!$B$10,AD54),0)+IF(AND(Ayarlar!$B$28=Ayarlar!$E$22,ISNUMBER(AI54)),IF(AH54="",Ayarlar!$B$11,AH54),0))*Ayarlar!$F$22,"") | AS54: =IFERROR((IF(Ayarlar!$B$21=Ayarlar!$E$23,N(G54),0)+IF(Ayarlar!$B$22=Ayarlar!$E$23,N(K54),0)+IF(Ayarlar!$B$23=Ayarlar!$E$23,N(O54),0)+IF(Ayarlar!$B$24=Ayarlar!$E$23,N(S54),0)+IF(Ayarlar!$B$25=Ayarlar!$E$23,N(W54),0)+IF(Ayarlar!$B$26=Ayarlar!$E$23,N(AA54),0)+IF(Ayarlar!$B$27=Ayarlar!$E$23,N(AE54),0)+IF(Ayarlar!$B$28=Ayarlar!$E$23,N(AI54),0))/(IF(AND(Ayarlar!$B$21=Ayarlar!$E$23,ISNUMBER(G54)),IF(F54="",Ayarlar!$B$4,F54),0)+IF(AND(Ayarlar!$B$22=Ayarlar!$E$23,ISNUMBER(K54)),IF(J54="",Ayarlar!$B$5,J54),0)+IF(AND(Ayarlar!$B$23=Ayarlar!$E$23,ISNUMBER(O54)),IF(N54="",Ayarlar!$B$6,N54),0)+IF(AND(Ayarlar!$B$24=Ayarlar!$E$23,ISNUMBER(S54)),IF(R54="",Ayarlar!$B$7,R54),0)+IF(AND(Ayarlar!$B$25=Ayarlar!$E$23,ISNUMBER(W54)),IF(V54="",Ayarlar!$B$8,V54),0)+IF(AND(Ayarlar!$B$26=Ayarlar!$E$23,ISNUMBER(AA54)),IF(Z54="",Ayarlar!$B$9,Z54),0)+IF(AND(Ayarlar!$B$27=Ayarlar!$E$23,ISNUMBER(AE54)),IF(AD54="",Ayarlar!$B$10,AD54),0)+IF(AND(Ayarlar!$B$28=Ayarlar!$E$23,ISNUMBER(AI54)),IF(AH54="",Ayarlar!$B$11,AH54),0))*Ayarlar!$F$23,"") | AT54: =IFERROR((IF(Ayarlar!$B$21=Ayarlar!$E$24,N(G54),0)+IF(Ayarlar!$B$22=Ayarlar!$E$24,N(K54),0)+IF(Ayarlar!$B$23=Ayarlar!$E$24,N(O54),0)+IF(Ayarlar!$B$24=Ayarlar!$E$24,N(S54),0)+IF(Ayarlar!$B$25=Ayarlar!$E$24,N(W54),0)+IF(Ayarlar!$B$26=Ayarlar!$E$24,N(AA54),0)+IF(Ayarlar!$B$27=Ayarlar!$E$24,N(AE54),0)+IF(Ayarlar!$B$28=Ayarlar!$E$24,N(AI54),0))/(IF(AND(Ayarlar!$B$21=Ayarlar!$E$24,ISNUMBER(G54)),IF(F54="",Ayarlar!$B$4,F54),0)+IF(AND(Ayarlar!$B$22=Ayarlar!$E$24,ISNUMBER(K54)),IF(J54="",Ayarlar!$B$5,J54),0)+IF(AND(Ayarlar!$B$23=Ayarlar!$E$24,ISNUMBER(O54)),IF(N54="",Ayarlar!$B$6,N54),0)+IF(AND(Ayarlar!$B$24=Ayarlar!$E$24,ISNUMBER(S54)),IF(R54="",Ayarlar!$B$7,R54),0)+IF(AND(Ayarlar!$B$25=Ayarlar!$E$24,ISNUMBER(W54)),IF(V54="",Ayarlar!$B$8,V54),0)+IF(AND(Ayarlar!$B$26=Ayarlar!$E$24,ISNUMBER(AA54)),IF(Z54="",Ayarlar!$B$9,Z54),0)+IF(AND(Ayarlar!$B$27=Ayarlar!$E$24,ISNUMBER(AE54)),IF(AD54="",Ayarlar!$B$10,AD54),0)+IF(AND(Ayarlar!$B$28=Ayarlar!$E$24,ISNUMBER(AI54)),IF(AH54="",Ayarlar!$B$11,AH54),0))*Ayarlar!$F$24,"") | AU54: =IF(COUNT(AQ54,AR54,AS54,AT54)<4,"",Ayarlar!$F$25+AQ54*Ayarlar!$G$21+AR54*Ayarlar!$G$22+AS54*Ayarlar!$G$23+AT54*Ayarlar!$G$24)

Sheet Konu Takibi
A1: Yanlış / Boş Soru Defteri
A2: Her yanlış ya da boş soruyu bir satıra yaz. 'Kaçıncı kez' sütunu aynı konudan kaç kez hata yaptığını gösterir.
A3: Tarih | B3: Deneme | C3: Ders | D3: Konu | E3: Soru No | F3: Yanlış / Boş | G3: Hata Nedeni | H3: Tekrar Çalışıldı mı? | I3: Not | J3: Bu konuda toplam hata
A4: 46285 | B4: Örnek Yayın – Deneme 1 | C4: Matematik | D4: Kümeler | E4: 7 | F4: Yanlış | G4: İşlem hatası | H4: Hayır | I4: Birleşim–kesişim karıştı | J4: =IF(OR(C4="",D4=""),"",COUNTIFS($C$4:$C$303,C4,$D$4:$D$303,D4))
J5: =IF(OR(C5="",D5=""),"",COUNTIFS($C$4:$C$303,C5,$D$4:$D$303,D5))
J6: =IF(OR(C6="",D6=""),"",COUNTIFS($C$4:$C$303,C6,$D$4:$D$303,D6))
J7: =IF(OR(C7="",D7=""),"",COUNTIFS($C$4:$C$303,C7,$D$4:$D$303,D7))
J8: =IF(OR(C8="",D8=""),"",COUNTIFS($C$4:$C$303,C8,$D$4:$D$303,D8))
J9: =IF(OR(C9="",D9=""),"",COUNTIFS($C$4:$C$303,C9,$D$4:$D$303,D9))
J10: =IF(OR(C10="",D10=""),"",COUNTIFS($C$4:$C$303,C10,$D$4:$D$303,D10))
J11: =IF(OR(C11="",D11=""),"",COUNTIFS($C$4:$C$303,C11,$D$4:$D$303,D11))
J12: =IF(OR(C12="",D12=""),"",COUNTIFS($C$4:$C$303,C12,$D$4:$D$303,D12))
J13: =IF(OR(C13="",D13=""),"",COUNTIFS($C$4:$C$303,C13,$D$4:$D$303,D13))
J14: =IF(OR(C14="",D14=""),"",COUNTIFS($C$4:$C$303,C14,$D$4:$D$303,D14))
J15: =IF(OR(C15="",D15=""),"",COUNTIFS($C$4:$C$303,C15,$D$4:$D$303,D15))
J16: =IF(OR(C16="",D16=""),"",COUNTIFS($C$4:$C$303,C16,$D$4:$D$303,D16))
... J303: =IF(OR(C303="",D303=""),"",COUNTIFS($C$4:$C$303,C303,$D$4:$D$303,D303))

Sheet Analiz
A1: Deneme Analizi
A2: Bu sayfa tamamen otomatik — bir şey yazmana gerek yok (sadece B34'ten ders seçebilirsin).
A3: Deneme Sayısı | B3: Genel Başarı % | C3: Son Deneme Başarı % | D3: Son Deneme Neti | E3: İlk → Son Gelişim | F3: En Güçlü Ders | G3: Öncelikli Çalışılacak Ders | H3: Son Tahmini TYT Puanı
A4: =COUNT('Deneme Girişi'!$AN$5:$AN$54) | B4: =IF(N(SUM('Deneme Girişi'!$AL$5:$AL$54))=0,"",SUM('Deneme Girişi'!$AN$5:$AN$54)/SUM('Deneme Girişi'!$AL$5:$AL$54)) | C4: =IF(COUNT('Deneme Girişi'!$AO$5:$AO$54)=0,"",INDEX('Deneme Girişi'!$AO$5:$AO$54,MATCH(9.99E+307,'Deneme Girişi'!$AO$5:$AO$54))) | D4: =IF(COUNT('Deneme Girişi'!$AN$5:$AN$54)=0,"",INDEX('Deneme Girişi'!$AN$5:$AN$54,MATCH(9.99E+307,'Deneme Girişi'!$AN$5:$AN$54))) | E4: =IF(COUNT('Deneme Girişi'!$AO$5:$AO$54)<2,"",C4-INDEX('Deneme Girişi'!$AO$5:$AO$54,MATCH(TRUE,INDEX(ISNUMBER('Deneme Girişi'!$AO$5:$AO$54),0),0))) | F4: =IF(COUNT(L8:L15)=0,"",INDEX(A8:A15,MATCH(MAX(L8:L15),L8:L15,0))) | G4: =IF(COUNT(L8:L15)=0,"",INDEX(A8:A15,MATCH(MIN(L8:L15),L8:L15,0))) | H4: =IF(COUNT('Deneme Girişi'!$AU$5:$AU$54)=0,"",INDEX('Deneme Girişi'!$AU$5:$AU$54,MATCH(9.99E+307,'Deneme Girişi'!$AU$5:$AU$54)))
A6: Ders Bazında Durum
A7: Ders | B7: Ort. Soru | C7: Deneme Sayısı | D7: Ort. Doğru | E7: Ort. Yanlış | F7: Ort. Boş | G7: Ort. Net | H7: En Yüksek | I7: Son Net | J7: Hedef Net | K7: Hedefe Kalan | L7: Başarı % | M7: Durum | N7: Defterdeki Hata
A8: =Ayarlar!A4 | B8: =IF(C8=0,"",(SUMPRODUCT(ISNUMBER('Deneme Girişi'!$G$5:$G$54)*'Deneme Girişi'!$F$5:$F$54)+Ayarlar!$B$4*SUMPRODUCT(ISNUMBER('Deneme Girişi'!$G$5:$G$54)*('Deneme Girişi'!$F$5:$F$54="")))/C8) | C8: =COUNT('Deneme Girişi'!$G$5:$G$54) | D8: =IF(C8=0,"",SUM('Deneme Girişi'!$D$5:$D$54)/C8) | E8: =IF(C8=0,"",SUM('Deneme Girişi'!$E$5:$E$54)/C8) | F8: =IF(C8=0,"",B8-D8-E8) | G8: =IF(C8=0,"",AVERAGE('Deneme Girişi'!$G$5:$G$54)) | H8: =IF(C8=0,"",MAX('Deneme Girişi'!$G$5:$G$54)) | I8: =IF(C8=0,"",INDEX('Deneme Girişi'!$G$5:$G$54,MATCH(9.99E+307,'Deneme Girişi'!$G$5:$G$54))) | J8: =Ayarlar!C4 | K8: =IF(C8=0,"",MAX(0,J8-I8)) | L8: =IF(OR(C8=0,B8=0),"",G8/B8) | M8: =IF(L8="","—",IF(L8>=0.75,"Güçlü",IF(L8>=0.5,"Orta","Geliştirilmeli"))) | N8: =COUNTIF('Konu Takibi'!$C$4:$C$303,A8)
A9: =Ayarlar!A5 | B9: =IF(C9=0,"",(SUMPRODUCT(ISNUMBER('Deneme Girişi'!$K$5:$K$54)*'Deneme Girişi'!$J$5:$J$54)+Ayarlar!$B$5*SUMPRODUCT(ISNUMBER('Deneme Girişi'!$K$5:$K$54)*('Deneme Girişi'!$J$5:$J$54="")))/C9) | C9: =COUNT('Deneme Girişi'!$K$5:$K$54) | D9: =IF(C9=0,"",SUM('Deneme Girişi'!$H$5:$H$54)/C9) | E9: =IF(C9=0,"",SUM('Deneme Girişi'!$I$5:$I$54)/C9) | F9: =IF(C9=0,"",B9-D9-E9) | G9: =IF(C9=0,"",AVERAGE('Deneme Girişi'!$K$5:$K$54)) | H9: =IF(C9=0,"",MAX('Deneme Girişi'!$K$5:$K$54)) | I9: =IF(C9=0,"",INDEX('Deneme Girişi'!$K$5:$K$54,MATCH(9.99E+307,'Deneme Girişi'!$K$5:$K$54))) | J9: =Ayarlar!C5 | K9: =IF(C9=0,"",MAX(0,J9-I9)) | L9: =IF(OR(C9=0,B9=0),"",G9/B9) | M9: =IF(L9="","—",IF(L9>=0.75,"Güçlü",IF(L9>=0.5,"Orta","Geliştirilmeli"))) | N9: =COUNTIF('Konu Takibi'!$C$4:$C$303,A9)
A10: =Ayarlar!A6 | B10: =IF(C10=0,"",(SUMPRODUCT(ISNUMBER('Deneme Girişi'!$O$5:$O$54)*'Deneme Girişi'!$N$5:$N$54)+Ayarlar!$B$6*SUMPRODUCT(ISNUMBER('Deneme Girişi'!$O$5:$O$54)*('Deneme Girişi'!$N$5:$N$54="")))/C10) | C10: =COUNT('Deneme Girişi'!$O$5:$O$54) | D10: =IF(C10=0,"",SUM('Deneme Girişi'!$L$5:$L$54)/C10) | E10: =IF(C10=0,"",SUM('Deneme Girişi'!$M$5:$M$54)/C10) | F10: =IF(C10=0,"",B10-D10-E10) | G10: =IF(C10=0,"",AVERAGE('Deneme Girişi'!$O$5:$O$54)) | H10: =IF(C10=0,"",MAX('Deneme Girişi'!$O$5:$O$54)) | I10: =IF(C10=0,"",INDEX('Deneme Girişi'!$O$5:$O$54,MATCH(9.99E+307,'Deneme Girişi'!$O$5:$O$54))) | J10: =Ayarlar!C6 | K10: =IF(C10=0,"",MAX(0,J10-I10)) | L10: =IF(OR(C10=0,B10=0),"",G10/B10) | M10: =IF(L10="","—",IF(L10>=0.75,"Güçlü",IF(L10>=0.5,"Orta","Geliştirilmeli"))) | N10: =COUNTIF('Konu Takibi'!$C$4:$C$303,A10)
A11: =Ayarlar!A7 | B11: =IF(C11=0,"",(SUMPRODUCT(ISNUMBER('Deneme Girişi'!$S$5:$S$54)*'Deneme Girişi'!$R$5:$R$54)+Ayarlar!$B$7*SUMPRODUCT(ISNUMBER('Deneme Girişi'!$S$5:$S$54)*('Deneme Girişi'!$R$5:$R$54="")))/C11) | C11: =COUNT('Deneme Girişi'!$S$5:$S$54) | D11: =IF(C11=0,"",SUM('Deneme Girişi'!$P$5:$P$54)/C11) | E11: =IF(C11=0,"",SUM('Deneme Girişi'!$Q$5:$Q$54)/C11) | F11: =IF(C11=0,"",B11-D11-E11) | G11: =IF(C11=0,"",AVERAGE('Deneme Girişi'!$S$5:$S$54)) | H11: =IF(C11=0,"",MAX('Deneme Girişi'!$S$5:$S$54)) | I11: =IF(C11=0,"",INDEX('Deneme Girişi'!$S$5:$S$54,MATCH(9.99E+307,'Deneme Girişi'!$S$5:$S$54))) | J11: =Ayarlar!C7 | K11: =IF(C11=0,"",MAX(0,J11-I11)) | L11: =IF(OR(C11=0,B11=0),"",G11/B11) | M11: =IF(L11="","—",IF(L11>=0.75,"Güçlü",IF(L11>=0.5,"Orta","Geliştirilmeli"))) | N11: =COUNTIF('Konu Takibi'!$C$4:$C$303,A11)
A12: =Ayarlar!A8 | B12: =IF(C12=0,"",(SUMPRODUCT(ISNUMBER('Deneme Girişi'!$W$5:$W$54)*'Deneme Girişi'!$V$5:$V$54)+Ayarlar!$B$8*SUMPRODUCT(ISNUMBER('Deneme Girişi'!$W$5:$W$54)*('Deneme Girişi'!$V$5:$V$54="")))/C12) | C12: =COUNT('Deneme Girişi'!$W$5:$W$54) | D12: =IF(C12=0,"",SUM('Deneme Girişi'!$T$5:$T$54)/C12) | E12: =IF(C12=0,"",SUM('Deneme Girişi'!$U$5:$U$54)/C12) | F12: =IF(C12=0,"",B12-D12-E12) | G12: =IF(C12=0,"",AVERAGE('Deneme Girişi'!$W$5:$W$54)) | H12: =IF(C12=0,"",MAX('Deneme Girişi'!$W$5:$W$54)) | I12: =IF(C12=0,"",INDEX('Deneme Girişi'!$W$5:$W$54,MATCH(9.99E+307,'Deneme Girişi'!$W$5:$W$54))) | J12: =Ayarlar!C8 | K12: =IF(C12=0,"",MAX(0,J12-I12)) | L12: =IF(OR(C12=0,B12=0),"",G12/B12) | M12: =IF(L12="","—",IF(L12>=0.75,"Güçlü",IF(L12>=0.5,"Orta","Geliştirilmeli"))) | N12: =COUNTIF('Konu Takibi'!$C$4:$C$303,A12)
A13: =Ayarlar!A9 | B13: =IF(C13=0,"",(SUMPRODUCT(ISNUMBER('Deneme Girişi'!$AA$5:$AA$54)*'Deneme Girişi'!$Z$5:$Z$54)+Ayarlar!$B$9*SUMPRODUCT(ISNUMBER('Deneme Girişi'!$AA$5:$AA$54)*('Deneme Girişi'!$Z$5:$Z$54="")))/C13) | C13: =COUNT('Deneme Girişi'!$AA$5:$AA$54) | D13: =IF(C13=0,"",SUM('Deneme Girişi'!$X$5:$X$54)/C13) | E13: =IF(C13=0,"",SUM('Deneme Girişi'!$Y$5:$Y$54)/C13) | F13: =IF(C13=0,"",B13-D13-E13) | G13: =IF(C13=0,"",AVERAGE('Deneme Girişi'!$AA$5:$AA$54)) | H13: =IF(C13=0,"",MAX('Deneme Girişi'!$AA$5:$AA$54)) | I13: =IF(C13=0,"",INDEX('Deneme Girişi'!$AA$5:$AA$54,MATCH(9.99E+307,'Deneme Girişi'!$AA$5:$AA$54))) | J13: =Ayarlar!C9 | K13: =IF(C13=0,"",MAX(0,J13-I13)) | L13: =IF(OR(C13=0,B13=0),"",G13/B13) | M13: =IF(L13="","—",IF(L13>=0.75,"Güçlü",IF(L13>=0.5,"Orta","Geliştirilmeli"))) | N13: =COUNTIF('Konu Takibi'!$C$4:$C$303,A13)
A14: =Ayarlar!A10 | B14: =IF(C14=0,"",(SUMPRODUCT(ISNUMBER('Deneme Girişi'!$AE$5:$AE$54)*'Deneme Girişi'!$AD$5:$AD$54)+Ayarlar!$B$10*SUMPRODUCT(ISNUMBER('Deneme Girişi'!$AE$5:$AE$54)*('Deneme Girişi'!$AD$5:$AD$54="")))/C14) | C14: =COUNT('Deneme Girişi'!$AE$5:$AE$54) | D14: =IF(C14=0,"",SUM('Deneme Girişi'!$AB$5:$AB$54)/C14) | E14: =IF(C14=0,"",SUM('Deneme Girişi'!$AC$5:$AC$54)/C14) | F14: =IF(C14=0,"",B14-D14-E14) | G14: =IF(C14=0,"",AVERAGE('Deneme Girişi'!$AE$5:$AE$54)) | H14: =IF(C14=0,"",MAX('Deneme Girişi'!$AE$5:$AE$54)) | I14: =IF(C14=0,"",INDEX('Deneme Girişi'!$AE$5:$AE$54,MATCH(9.99E+307,'Deneme Girişi'!$AE$5:$AE$54))) | J14: =Ayarlar!C10 | K14: =IF(C14=0,"",MAX(0,J14-I14)) | L14: =IF(OR(C14=0,B14=0),"",G14/B14) | M14: =IF(L14="","—",IF(L14>=0.75,"Güçlü",IF(L14>=0.5,"Orta","Geliştirilmeli"))) | N14: =COUNTIF('Konu Takibi'!$C$4:$C$303,A14)
A15: =Ayarlar!A11 | B15: =IF(C15=0,"",(SUMPRODUCT(ISNUMBER('Deneme Girişi'!$AI$5:$AI$54)*'Deneme Girişi'!$AH$5:$AH$54)+Ayarlar!$B$11*SUMPRODUCT(ISNUMBER('Deneme Girişi'!$AI$5:$AI$54)*('Deneme Girişi'!$AH$5:$AH$54="")))/C15) | C15: =COUNT('Deneme Girişi'!$AI$5:$AI$54) | D15: =IF(C15=0,"",SUM('Deneme Girişi'!$AF$5:$AF$54)/C15) | E15: =IF(C15=0,"",SUM('Deneme Girişi'!$AG$5:$AG$54)/C15) | F15: =IF(C15=0,"",B15-D15-E15) | G15: =IF(C15=0,"",AVERAGE('Deneme Girişi'!$AI$5:$AI$54)) | H15: =IF(C15=0,"",MAX('Deneme Girişi'!$AI$5:$AI$54)) | I15: =IF(C15=0,"",INDEX('Deneme Girişi'!$AI$5:$AI$54,MATCH(9.99E+307,'Deneme Girişi'!$AI$5:$AI$54))) | J15: =Ayarlar!C11 | K15: =IF(C15=0,"",MAX(0,J15-I15)) | L15: =IF(OR(C15=0,B15=0),"",G15/B15) | M15: =IF(L15="","—",IF(L15>=0.75,"Güçlü",IF(L15>=0.5,"Orta","Geliştirilmeli"))) | N15: =COUNTIF('Konu Takibi'!$C$4:$C$303,A15)
A16: TOPLAM | B16: =IF(C16=0,"",AVERAGE('Deneme Girişi'!$AL$5:$AL$54)) | C16: =COUNT('Deneme Girişi'!$AN$5:$AN$54) | D16: =IF(C16=0,"",AVERAGE('Deneme Girişi'!$AJ$5:$AJ$54)) | E16: =IF(C16=0,"",AVERAGE('Deneme Girişi'!$AK$5:$AK$54)) | F16: =IF(C16=0,"",AVERAGE('Deneme Girişi'!$AM$5:$AM$54)) | G16: =IF(C16=0,"",AVERAGE('Deneme Girişi'!$AN$5:$AN$54)) | H16: =IF(C16=0,"",MAX('Deneme Girişi'!$AN$5:$AN$54)) | I16: =D4 | J16: =SUM(J8:J15) | K16: =IF(OR(I16="",J16=""),"",MAX(0,J16-I16)) | L16: =IF(OR(G16="",B16=0),"",G16/B16) | M16: =IF(L16="","—",IF(L16>=0.75,"Güçlü",IF(L16>=0.5,"Orta","Geliştirilmeli"))) | N16: =SUM(N8:N15)
A17: Başarı % = toplam net ÷ çözülen toplam soru (soru sayısı farklı denemeler de adil karşılaştırılır). Hedef net, Ayarlar'daki varsayılan soru sayısına göredir. Güçlü ≥ %75 · Orta ≥ %50 · altı Geliştirilmeli.
A19: Tahmini TYT Puanı (yaklaşık)
A20: TYT Testi | B20: Soru | C20: Katsayı | D20: Ort. Tahmini Net | E20: Son Denemede | F20: Puana Katkı (ort.)
A21: =Ayarlar!E21 | B21: =Ayarlar!F21 | C21: =Ayarlar!G21 | D21: =IF(COUNT('Deneme Girişi'!$AQ$5:$AQ$54)=0,"",AVERAGE('Deneme Girişi'!$AQ$5:$AQ$54)) | E21: =IF(COUNT('Deneme Girişi'!$AQ$5:$AQ$54)=0,"",INDEX('Deneme Girişi'!$AQ$5:$AQ$54,MATCH(9.99E+307,'Deneme Girişi'!$AQ$5:$AQ$54))) | F21: =IF(D21="","",D21*C21)
A22: =Ayarlar!E22 | B22: =Ayarlar!F22 | C22: =Ayarlar!G22 | D22: =IF(COUNT('Deneme Girişi'!$AR$5:$AR$54)=0,"",AVERAGE('Deneme Girişi'!$AR$5:$AR$54)) | E22: =IF(COUNT('Deneme Girişi'!$AR$5:$AR$54)=0,"",INDEX('Deneme Girişi'!$AR$5:$AR$54,MATCH(9.99E+307,'Deneme Girişi'!$AR$5:$AR$54))) | F22: =IF(D22="","",D22*C22)
A23: =Ayarlar!E23 | B23: =Ayarlar!F23 | C23: =Ayarlar!G23 | D23: =IF(COUNT('Deneme Girişi'!$AS$5:$AS$54)=0,"",AVERAGE('Deneme Girişi'!$AS$5:$AS$54)) | E23: =IF(COUNT('Deneme Girişi'!$AS$5:$AS$54)=0,"",INDEX('Deneme Girişi'!$AS$5:$AS$54,MATCH(9.99E+307,'Deneme Girişi'!$AS$5:$AS$54))) | F23: =IF(D23="","",D23*C23)
A24: =Ayarlar!E24 | B24: =Ayarlar!F24 | C24: =Ayarlar!G24 | D24: =IF(COUNT('Deneme Girişi'!$AT$5:$AT$54)=0,"",AVERAGE('Deneme Girişi'!$AT$5:$AT$54)) | E24: =IF(COUNT('Deneme Girişi'!$AT$5:$AT$54)=0,"",INDEX('Deneme Girişi'!$AT$5:$AT$54,MATCH(9.99E+307,'Deneme Girişi'!$AT$5:$AT$54))) | F24: =IF(D24="","",D24*C24)
A25: Taban puan | F25: =Ayarlar!$F$25
A26: TAHMİNİ PUAN (ortalama) | D26: son deneme → | E26: =IF(COUNT('Deneme Girişi'!$AU$5:$AU$54)=0,"",H4) | F26: =IF(COUNT('Deneme Girişi'!$AU$5:$AU$54)=0,"",AVERAGE('Deneme Girişi'!$AU$5:$AU$54))
A27: Kaba bir tahmindir: 9. sınıf konuları TYT'nin sadece bir kısmını kapsar ve ÖSYM puanı her yıl tüm adayların sonuçlarına göre hesaplanır. Her test için: o teste sayılan derslerdeki başarı % × TYT soru sayısı.
A31: Hata Nedeni Analizi (Konu Takibi defterinden)
A32: Ders | B32: =Ayarlar!E4 | C32: =Ayarlar!E5 | D32: =Ayarlar!E6 | E32: =Ayarlar!E7 | F32: =Ayarlar!E8 | G32: =Ayarlar!E9 | H32: =Ayarlar!E10 | I32: Toplam | J32: Tekrar Çalışılmamış
A33: =Ayarlar!A4 | B33: =COUNTIFS('Konu Takibi'!$C$4:$C$303,$A33,'Konu Takibi'!$G$4:$G$303,B$32) | C33: =COUNTIFS('Konu Takibi'!$C$4:$C$303,$A33,'Konu Takibi'!$G$4:$G$303,C$32) | D33: =COUNTIFS('Konu Takibi'!$C$4:$C$303,$A33,'Konu Takibi'!$G$4:$G$303,D$32) | E33: =COUNTIFS('Konu Takibi'!$C$4:$C$303,$A33,'Konu Takibi'!$G$4:$G$303,E$32) | F33: =COUNTIFS('Konu Takibi'!$C$4:$C$303,$A33,'Konu Takibi'!$G$4:$G$303,F$32) | G33: =COUNTIFS('Konu Takibi'!$C$4:$C$303,$A33,'Konu Takibi'!$G$4:$G$303,G$32) | H33: =COUNTIFS('Konu Takibi'!$C$4:$C$303,$A33,'Konu Takibi'!$G$4:$G$303,H$32) | I33: =SUM(B33:H33) | J33: =COUNTIFS('Konu Takibi'!$C$4:$C$303,$A33,'Konu Takibi'!$H$4:$H$303,"<>Evet")
A34: =Ayarlar!A5 | B34: =COUNTIFS('Konu Takibi'!$C$4:$C$303,$A34,'Konu Takibi'!$G$4:$G$303,B$32) | C34: =COUNTIFS('Konu Takibi'!$C$4:$C$303,$A34,'Konu Takibi'!$G$4:$G$303,C$32) | D34: =COUNTIFS('Konu Takibi'!$C$4:$C$303,$A34,'Konu Takibi'!$G$4:$G$303,D$32) | E34: =COUNTIFS('Konu Takibi'!$C$4:$C$303,$A34,'Konu Takibi'!$G$4:$G$303,E$32) | F34: =COUNTIFS('Konu Takibi'!$C$4:$C$303,$A34,'Konu Takibi'!$G$4:$G$303,F$32) | G34: =COUNTIFS('Konu Takibi'!$C$4:$C$303,$A34,'Konu Takibi'!$G$4:$G$303,G$32) | H34: =COUNTIFS('Konu Takibi'!$C$4:$C$303,$A34,'Konu Takibi'!$G$4:$G$303,H$32) | I34: =SUM(B34:H34) | J34: =COUNTIFS('Konu Takibi'!$C$4:$C$303,$A34,'Konu Takibi'!$H$4:$H$303,"<>Evet")
A35: =Ayarlar!A6 | B35: =COUNTIFS('Konu Takibi'!$C$4:$C$303,$A35,'Konu Takibi'!$G$4:$G$303,B$32) | C35: =COUNTIFS('Konu Takibi'!$C$4:$C$303,$A35,'Konu Takibi'!$G$4:$G$303,C$32) | D35: =COUNTIFS('Konu Takibi'!$C$4:$C$303,$A35,'Konu Takibi'!$G$4:$G$303,D$32) | E35: =COUNTIFS('Konu Takibi'!$C$4:$C$303,$A35,'Konu Takibi'!$G$4:$G$303,E$32) | F35: =COUNTIFS('Konu Takibi'!$C$4:$C$303,$A35,'Konu Takibi'!$G$4:$G$303,F$32) | G35: =COUNTIFS('Konu Takibi'!$C$4:$C$303,$A35,'Konu Takibi'!$G$4:$G$303,G$32) | H35: =COUNTIFS('Konu Takibi'!$C$4:$C$303,$A35,'Konu Takibi'!$G$4:$G$303,H$32) | I35: =SUM(B35:H35) | J35: =COUNTIFS('Konu Takibi'!$C$4:$C$303,$A35,'Konu Takibi'!$H$4:$H$303,"<>Evet")
A36: =Ayarlar!A7 | B36: =COUNTIFS('Konu Takibi'!$C$4:$C$303,$A36,'Konu Takibi'!$G$4:$G$303,B$32) | C36: =COUNTIFS('Konu Takibi'!$C$4:$C$303,$A36,'Konu Takibi'!$G$4:$G$303,C$32) | D36: =COUNTIFS('Konu Takibi'!$C$4:$C$303,$A36,'Konu Takibi'!$G$4:$G$303,D$32) | E36: =COUNTIFS('Konu Takibi'!$C$4:$C$303,$A36,'Konu Takibi'!$G$4:$G$303,E$32) | F36: =COUNTIFS('Konu Takibi'!$C$4:$C$303,$A36,'Konu Takibi'!$G$4:$G$303,F$32) | G36: =COUNTIFS('Konu Takibi'!$C$4:$C$303,$A36,'Konu Takibi'!$G$4:$G$303,G$32) | H36: =COUNTIFS('Konu Takibi'!$C$4:$C$303,$A36,'Konu Takibi'!$G$4:$G$303,H$32) | I36: =SUM(B36:H36) | J36: =COUNTIFS('Konu Takibi'!$C$4:$C$303,$A36,'Konu Takibi'!$H$4:$H$303,"<>Evet")
A37: =Ayarlar!A8 | B37: =COUNTIFS('Konu Takibi'!$C$4:$C$303,$A37,'Konu Takibi'!$G$4:$G$303,B$32) | C37: =COUNTIFS('Konu Takibi'!$C$4:$C$303,$A37,'Konu Takibi'!$G$4:$G$303,C$32) | D37: =COUNTIFS('Konu Takibi'!$C$4:$C$303,$A37,'Konu Takibi'!$G$4:$G$303,D$32) | E37: =COUNTIFS('Konu Takibi'!$C$4:$C$303,$A37,'Konu Takibi'!$G$4:$G$303,E$32) | F37: =COUNTIFS('Konu Takibi'!$C$4:$C$303,$A37,'Konu Takibi'!$G$4:$G$303,F$32) | G37: =COUNTIFS('Konu Takibi'!$C$4:$C$303,$A37,'Konu Takibi'!$G$4:$G$303,G$32) | H37: =COUNTIFS('Konu Takibi'!$C$4:$C$303,$A37,'Konu Takibi'!$G$4:$G$303,H$32) | I37: =SUM(B37:H37) | J37: =COUNTIFS('Konu Takibi'!$C$4:$C$303,$A37,'Konu Takibi'!$H$4:$H$303,"<>Evet")
A38: =Ayarlar!A9 | B38: =COUNTIFS('Konu Takibi'!$C$4:$C$303,$A38,'Konu Takibi'!$G$4:$G$303,B$32) | C38: =COUNTIFS('Konu Takibi'!$C$4:$C$303,$A38,'Konu Takibi'!$G$4:$G$303,C$32) | D38: =COUNTIFS('Konu Takibi'!$C$4:$C$303,$A38,'Konu Takibi'!$G$4:$G$303,D$32) | E38: =COUNTIFS('Konu Takibi'!$C$4:$C$303,$A38,'Konu Takibi'!$G$4:$G$303,E$32) | F38: =COUNTIFS('Konu Takibi'!$C$4:$C$303,$A38,'Konu Takibi'!$G$4:$G$303,F$32) | G38: =COUNTIFS('Konu Takibi'!$C$4:$C$303,$A38,'Konu Takibi'!$G$4:$G$303,G$32) | H38: =COUNTIFS('Konu Takibi'!$C$4:$C$303,$A38,'Konu Takibi'!$G$4:$G$303,H$32) | I38: =SUM(B38:H38) | J38: =COUNTIFS('Konu Takibi'!$C$4:$C$303,$A38,'Konu Takibi'!$H$4:$H$303,"<>Evet")
A39: =Ayarlar!A10 | B39: =COUNTIFS('Konu Takibi'!$C$4:$C$303,$A39,'Konu Takibi'!$G$4:$G$303,B$32) | C39: =COUNTIFS('Konu Takibi'!$C$4:$C$303,$A39,'Konu Takibi'!$G$4:$G$303,C$32) | D39: =COUNTIFS('Konu Takibi'!$C$4:$C$303,$A39,'Konu Takibi'!$G$4:$G$303,D$32) | E39: =COUNTIFS('Konu Takibi'!$C$4:$C$303,$A39,'Konu Takibi'!$G$4:$G$303,E$32) | F39: =COUNTIFS('Konu Takibi'!$C$4:$C$303,$A39,'Konu Takibi'!$G$4:$G$303,F$32) | G39: =COUNTIFS('Konu Takibi'!$C$4:$C$303,$A39,'Konu Takibi'!$G$4:$G$303,G$32) | H39: =COUNTIFS('Konu Takibi'!$C$4:$C$303,$A39,'Konu Takibi'!$G$4:$G$303,H$32) | I39: =SUM(B39:H39) | J39: =COUNTIFS('Konu Takibi'!$C$4:$C$303,$A39,'Konu Takibi'!$H$4:$H$303,"<>Evet")
A40: =Ayarlar!A11 | B40: =COUNTIFS('Konu Takibi'!$C$4:$C$303,$A40,'Konu Takibi'!$G$4:$G$303,B$32) | C40: =COUNTIFS('Konu Takibi'!$C$4:$C$303,$A40,'Konu Takibi'!$G$4:$G$303,C$32) | D40: =COUNTIFS('Konu Takibi'!$C$4:$C$303,$A40,'Konu Takibi'!$G$4:$G$303,D$32) | E40: =COUNTIFS('Konu Takibi'!$C$4:$C$303,$A40,'Konu Takibi'!$G$4:$G$303,E$32) | F40: =COUNTIFS('Konu Takibi'!$C$4:$C$303,$A40,'Konu Takibi'!$G$4:$G$303,F$32) | G40: =COUNTIFS('Konu Takibi'!$C$4:$C$303,$A40,'Konu Takibi'!$G$4:$G$303,G$32) | H40: =COUNTIFS('Konu Takibi'!$C$4:$C$303,$A40,'Konu Takibi'!$G$4:$G$303,H$32) | I40: =SUM(B40:H40) | J40: =COUNTIFS('Konu Takibi'!$C$4:$C$303,$A40,'Konu Takibi'!$H$4:$H$303,"<>Evet")
A41: TOPLAM | B41: =SUM(B33:B40) | C41: =SUM(C33:C40) | D41: =SUM(D33:D40) | E41: =SUM(E33:E40) | F41: =SUM(F33:F40) | G41: =SUM(G33:G40) | H41: =SUM(H33:H40) | I41: =SUM(B41:H41) | J41: =SUM(J33:J40)
A44: Ders seç ▶ | B44: Matematik | F44: =IFERROR("Bu dersin hedef neti: "&TEXT(INDEX(Ayarlar!$C$4:$C$11,MATCH($B$44,Ayarlar!$A$4:$A$11,0)),"0"),"")
A46: No | B46: Deneme | C46: Seçili Ders Net | D46: Seçili Ders Başarı % | E46: Toplam Başarı % | F46: Tahmini TYT
A47: 1 | B47: =IF('Deneme Girişi'!C5="","",'Deneme Girişi'!C5) | C47: =IFERROR(INDEX('Deneme Girişi'!$D$5:$AI$54,1,(MATCH($B$44,Ayarlar!$A$4:$A$11,0)-1)*4+4),"") | D47: =IFERROR(IF(C47="","",C47/IF(INDEX('Deneme Girişi'!$D$5:$AI$54,1,(MATCH($B$44,Ayarlar!$A$4:$A$11,0)-1)*4+3)="",INDEX(Ayarlar!$B$4:$B$11,MATCH($B$44,Ayarlar!$A$4:$A$11,0)),INDEX('Deneme Girişi'!$D$5:$AI$54,1,(MATCH($B$44,Ayarlar!$A$4:$A$11,0)-1)*4+3))),"") | E47: ='Deneme Girişi'!AO5 | F47: ='Deneme Girişi'!AU5
A48: 2 | B48: =IF('Deneme Girişi'!C6="","",'Deneme Girişi'!C6) | C48: =IFERROR(INDEX('Deneme Girişi'!$D$5:$AI$54,2,(MATCH($B$44,Ayarlar!$A$4:$A$11,0)-1)*4+4),"") | D48: =IFERROR(IF(C48="","",C48/IF(INDEX('Deneme Girişi'!$D$5:$AI$54,2,(MATCH($B$44,Ayarlar!$A$4:$A$11,0)-1)*4+3)="",INDEX(Ayarlar!$B$4:$B$11,MATCH($B$44,Ayarlar!$A$4:$A$11,0)),INDEX('Deneme Girişi'!$D$5:$AI$54,2,(MATCH($B$44,Ayarlar!$A$4:$A$11,0)-1)*4+3))),"") | E48: ='Deneme Girişi'!AO6 | F48: ='Deneme Girişi'!AU6
A49: 3 | B49: =IF('Deneme Girişi'!C7="","",'Deneme Girişi'!C7) | C49: =IFERROR(INDEX('Deneme Girişi'!$D$5:$AI$54,3,(MATCH($B$44,Ayarlar!$A$4:$A$11,0)-1)*4+4),"") | D49: =IFERROR(IF(C49="","",C49/IF(INDEX('Deneme Girişi'!$D$5:$AI$54,3,(MATCH($B$44,Ayarlar!$A$4:$A$11,0)-1)*4+3)="",INDEX(Ayarlar!$B$4:$B$11,MATCH($B$44,Ayarlar!$A$4:$A$11,0)),INDEX('Deneme Girişi'!$D$5:$AI$54,3,(MATCH($B$44,Ayarlar!$A$4:$A$11,0)-1)*4+3))),"") | E49: ='Deneme Girişi'!AO7 | F49: ='Deneme Girişi'!AU7
A50: 4 | B50: =IF('Deneme Girişi'!C8="","",'Deneme Girişi'!C8) | C50: =IFERROR(INDEX('Deneme Girişi'!$D$5:$AI$54,4,(MATCH($B$44,Ayarlar!$A$4:$A$11,0)-1)*4+4),"") | D50: =IFERROR(IF(C50="","",C50/IF(INDEX('Deneme Girişi'!$D$5:$AI$54,4,(MATCH($B$44,Ayarlar!$A$4:$A$11,0)-1)*4+3)="",INDEX(Ayarlar!$B$4:$B$11,MATCH($B$44,Ayarlar!$A$4:$A$11,0)),INDEX('Deneme Girişi'!$D$5:$AI$54,4,(MATCH($B$44,Ayarlar!$A$4:$A$11,0)-1)*4+3))),"") | E50: ='Deneme Girişi'!AO8 | F50: ='Deneme Girişi'!AU8
A51: 5 | B51: =IF('Deneme Girişi'!C9="","",'Deneme Girişi'!C9) | C51: =IFERROR(INDEX('Deneme Girişi'!$D$5:$AI$54,5,(MATCH($B$44,Ayarlar!$A$4:$A$11,0)-1)*4+4),"") | D51: =IFERROR(IF(C51="","",C51/IF(INDEX('Deneme Girişi'!$D$5:$AI$54,5,(MATCH($B$44,Ayarlar!$A$4:$A$11,0)-1)*4+3)="",INDEX(Ayarlar!$B$4:$B$11,MATCH($B$44,Ayarlar!$A$4:$A$11,0)),INDEX('Deneme Girişi'!$D$5:$AI$54,5,(MATCH($B$44,Ayarlar!$A$4:$A$11,0)-1)*4+3))),"") | E51: ='Deneme Girişi'!AO9 | F51: ='Deneme Girişi'!AU9
A52: 6 | B52: =IF('Deneme Girişi'!C10="","",'Deneme Girişi'!C10) | C52: =IFERROR(INDEX('Deneme Girişi'!$D$5:$AI$54,6,(MATCH($B$44,Ayarlar!$A$4:$A$11,0)-1)*4+4),"") | D52: =IFERROR(IF(C52="","",C52/IF(INDEX('Deneme Girişi'!$D$5:$AI$54,6,(MATCH($B$44,Ayarlar!$A$4:$A$11,0)-1)*4+3)="",INDEX(Ayarlar!$B$4:$B$11,MATCH($B$44,Ayarlar!$A$4:$A$11,0)),INDEX('Deneme Girişi'!$D$5:$AI$54,6,(MATCH($B$44,Ayarlar!$A$4:$A$11,0)-1)*4+3))),"") | E52: ='Deneme Girişi'!AO10 | F52: ='Deneme Girişi'!AU10
A53: 7 | B53: =IF('Deneme Girişi'!C11="","",'Deneme Girişi'!C11) | C53: =IFERROR(INDEX('Deneme Girişi'!$D$5:$AI$54,7,(MATCH($B$44,Ayarlar!$A$4:$A$11,0)-1)*4+4),"") | D53: =IFERROR(IF(C53="","",C53/IF(INDEX('Deneme Girişi'!$D$5:$AI$54,7,(MATCH($B$44,Ayarlar!$A$4:$A$11,0)-1)*4+3)="",INDEX(Ayarlar!$B$4:$B$11,MATCH($B$44,Ayarlar!$A$4:$A$11,0)),INDEX('Deneme Girişi'!$D$5:$AI$54,7,(MATCH($B$44,Ayarlar!$A$4:$A$11,0)-1)*4+3))),"") | E53: ='Deneme Girişi'!AO11 | F53: ='Deneme Girişi'!AU11
A54: 8 | B54: =IF('Deneme Girişi'!C12="","",'Deneme Girişi'!C12) | C54: =IFERROR(INDEX('Deneme Girişi'!$D$5:$AI$54,8,(MATCH($B$44,Ayarlar!$A$4:$A$11,0)-1)*4+4),"") | D54: =IFERROR(IF(C54="","",C54/IF(INDEX('Deneme Girişi'!$D$5:$AI$54,8,(MATCH($B$44,Ayarlar!$A$4:$A$11,0)-1)*4+3)="",INDEX(Ayarlar!$B$4:$B$11,MATCH($B$44,Ayarlar!$A$4:$A$11,0)),INDEX('Deneme Girişi'!$D$5:$AI$54,8,(MATCH($B$44,Ayarlar!$A$4:$A$11,0)-1)*4+3))),"") | E54: ='Deneme Girişi'!AO12 | F54: ='Deneme Girişi'!AU12
A55: 9 | B55: =IF('Deneme Girişi'!C13="","",'Deneme Girişi'!C13) | C55: =IFERROR(INDEX('Deneme Girişi'!$D$5:$AI$54,9,(MATCH($B$44,Ayarlar!$A$4:$A$11,0)-1)*4+4),"") | D55: =IFERROR(IF(C55="","",C55/IF(INDEX('Deneme Girişi'!$D$5:$AI$54,9,(MATCH($B$44,Ayarlar!$A$4:$A$11,0)-1)*4+3)="",INDEX(Ayarlar!$B$4:$B$11,MATCH($B$44,Ayarlar!$A$4:$A$11,0)),INDEX('Deneme Girişi'!$D$5:$AI$54,9,(MATCH($B$44,Ayarlar!$A$4:$A$11,0)-1)*4+3))),"") | E55: ='Deneme Girişi'!AO13 | F55: ='Deneme Girişi'!AU13
A56: 10 | B56: =IF('Deneme Girişi'!C14="","",'Deneme Girişi'!C14) | C56: =IFERROR(INDEX('Deneme Girişi'!$D$5:$AI$54,10,(MATCH($B$44,Ayarlar!$A$4:$A$11,0)-1)*4+4),"") | D56: =IFERROR(IF(C56="","",C56/IF(INDEX('Deneme Girişi'!$D$5:$AI$54,10,(MATCH($B$44,Ayarlar!$A$4:$A$11,0)-1)*4+3)="",INDEX(Ayarlar!$B$4:$B$11,MATCH($B$44,Ayarlar!$A$4:$A$11,0)),INDEX('Deneme Girişi'!$D$5:$AI$54,10,(MATCH($B$44,Ayarlar!$A$4:$A$11,0)-1)*4+3))),"") | E56: ='Deneme Girişi'!AO14 | F56: ='Deneme Girişi'!AU14
A57: 11 | B57: =IF('Deneme Girişi'!C15="","",'Deneme Girişi'!C15) | C57: =IFERROR(INDEX('Deneme Girişi'!$D$5:$AI$54,11,(MATCH($B$44,Ayarlar!$A$4:$A$11,0)-1)*4+4),"") | D57: =IFERROR(IF(C57="","",C57/IF(INDEX('Deneme Girişi'!$D$5:$AI$54,11,(MATCH($B$44,Ayarlar!$A$4:$A$11,0)-1)*4+3)="",INDEX(Ayarlar!$B$4:$B$11,MATCH($B$44,Ayarlar!$A$4:$A$11,0)),INDEX('Deneme Girişi'!$D$5:$AI$54,11,(MATCH($B$44,Ayarlar!$A$4:$A$11,0)-1)*4+3))),"") | E57: ='Deneme Girişi'!AO15 | F57: ='Deneme Girişi'!AU15
A58: 12 | B58: =IF('Deneme Girişi'!C16="","",'Deneme Girişi'!C16) | C58: =IFERROR(INDEX('Deneme Girişi'!$D$5:$AI$54,12,(MATCH($B$44,Ayarlar!$A$4:$A$11,0)-1)*4+4),"") | D58: =IFERROR(IF(C58="","",C58/IF(INDEX('Deneme Girişi'!$D$5:$AI$54,12,(MATCH($B$44,Ayarlar!$A$4:$A$11,0)-1)*4+3)="",INDEX(Ayarlar!$B$4:$B$11,MATCH($B$44,Ayarlar!$A$4:$A$11,0)),INDEX('Deneme Girişi'!$D$5:$AI$54,12,(MATCH($B$44,Ayarlar!$A$4:$A$11,0)-1)*4+3))),"") | E58: ='Deneme Girişi'!AO16 | F58: ='Deneme Girişi'!AU16
A59: 13 | B59: =IF('Deneme Girişi'!C17="","",'Deneme Girişi'!C17) | C59: =IFERROR(INDEX('Deneme Girişi'!$D$5:$AI$54,13,(MATCH($B$44,Ayarlar!$A$4:$A$11,0)-1)*4+4),"") | D59: =IFERROR(IF(C59="","",C59/IF(INDEX('Deneme Girişi'!$D$5:$AI$54,13,(MATCH($B$44,Ayarlar!$A$4:$A$11,0)-1)*4+3)="",INDEX(Ayarlar!$B$4:$B$11,MATCH($B$44,Ayarlar!$A$4:$A$11,0)),INDEX('Deneme Girişi'!$D$5:$AI$54,13,(MATCH($B$44,Ayarlar!$A$4:$A$11,0)-1)*4+3))),"") | E59: ='Deneme Girişi'!AO17 | F59: ='Deneme Girişi'!AU17
A60: 14 | B60: =IF('Deneme Girişi'!C18="","",'Deneme Girişi'!C18) | C60: =IFERROR(INDEX('Deneme Girişi'!$D$5:$AI$54,14,(MATCH($B$44,Ayarlar!$A$4:$A$11,0)-1)*4+4),"") | D60: =IFERROR(IF(C60="","",C60/IF(INDEX('Deneme Girişi'!$D$5:$AI$54,14,(MATCH($B$44,Ayarlar!$A$4:$A$11,0)-1)*4+3)="",INDEX(Ayarlar!$B$4:$B$11,MATCH($B$44,Ayarlar!$A$4:$A$11,0)),INDEX('Deneme Girişi'!$D$5:$AI$54,14,(MATCH($B$44,Ayarlar!$A$4:$A$11,0)-1)*4+3))),"") | E60: ='Deneme Girişi'!AO18 | F60: ='Deneme Girişi'!AU18
A61: 15 | B61: =IF('Deneme Girişi'!C19="","",'Deneme Girişi'!C19) | C61: =IFERROR(INDEX('Deneme Girişi'!$D$5:$AI$54,15,(MATCH($B$44,Ayarlar!$A$4:$A$11,0)-1)*4+4),"") | D61: =IFERROR(IF(C61="","",C61/IF(INDEX('Deneme Girişi'!$D$5:$AI$54,15,(MATCH($B$44,Ayarlar!$A$4:$A$11,0)-1)*4+3)="",INDEX(Ayarlar!$B$4:$B$11,MATCH($B$44,Ayarlar!$A$4:$A$11,0)),INDEX('Deneme Girişi'!$D$5:$AI$54,15,(MATCH($B$44,Ayarlar!$A$4:$A$11,0)-1)*4+3))),"") | E61: ='Deneme Girişi'!AO19 | F61: ='Deneme Girişi'!AU19
A62: 16 | B62: =IF('Deneme Girişi'!C20="","",'Deneme Girişi'!C20) | C62: =IFERROR(INDEX('Deneme Girişi'!$D$5:$AI$54,16,(MATCH($B$44,Ayarlar!$A$4:$A$11,0)-1)*4+4),"") | D62: =IFERROR(IF(C62="","",C62/IF(INDEX('Deneme Girişi'!$D$5:$AI$54,16,(MATCH($B$44,Ayarlar!$A$4:$A$11,0)-1)*4+3)="",INDEX(Ayarlar!$B$4:$B$11,MATCH($B$44,Ayarlar!$A$4:$A$11,0)),INDEX('Deneme Girişi'!$D$5:$AI$54,16,(MATCH($B$44,Ayarlar!$A$4:$A$11,0)-1)*4+3))),"") | E62: ='Deneme Girişi'!AO20 | F62: ='Deneme Girişi'!AU20
A63: 17 | B63: =IF('Deneme Girişi'!C21="","",'Deneme Girişi'!C21) | C63: =IFERROR(INDEX('Deneme Girişi'!$D$5:$AI$54,17,(MATCH($B$44,Ayarlar!$A$4:$A$11,0)-1)*4+4),"") | D63: =IFERROR(IF(C63="","",C63/IF(INDEX('Deneme Girişi'!$D$5:$AI$54,17,(MATCH($B$44,Ayarlar!$A$4:$A$11,0)-1)*4+3)="",INDEX(Ayarlar!$B$4:$B$11,MATCH($B$44,Ayarlar!$A$4:$A$11,0)),INDEX('Deneme Girişi'!$D$5:$AI$54,17,(MATCH($B$44,Ayarlar!$A$4:$A$11,0)-1)*4+3))),"") | E63: ='Deneme Girişi'!AO21 | F63: ='Deneme Girişi'!AU21
A64: 18 | B64: =IF('Deneme Girişi'!C22="","",'Deneme Girişi'!C22) | C64: =IFERROR(INDEX('Deneme Girişi'!$D$5:$AI$54,18,(MATCH($B$44,Ayarlar!$A$4:$A$11,0)-1)*4+4),"") | D64: =IFERROR(IF(C64="","",C64/IF(INDEX('Deneme Girişi'!$D$5:$AI$54,18,(MATCH($B$44,Ayarlar!$A$4:$A$11,0)-1)*4+3)="",INDEX(Ayarlar!$B$4:$B$11,MATCH($B$44,Ayarlar!$A$4:$A$11,0)),INDEX('Deneme Girişi'!$D$5:$AI$54,18,(MATCH($B$44,Ayarlar!$A$4:$A$11,0)-1)*4+3))),"") | E64: ='Deneme Girişi'!AO22 | F64: ='Deneme Girişi'!AU22
A65: 19 | B65: =IF('Deneme Girişi'!C23="","",'Deneme Girişi'!C23) | C65: =IFERROR(INDEX('Deneme Girişi'!$D$5:$AI$54,19,(MATCH($B$44,Ayarlar!$A$4:$A$11,0)-1)*4+4),"") | D65: =IFERROR(IF(C65="","",C65/IF(INDEX('Deneme Girişi'!$D$5:$AI$54,19,(MATCH($B$44,Ayarlar!$A$4:$A$11,0)-1)*4+3)="",INDEX(Ayarlar!$B$4:$B$11,MATCH($B$44,Ayarlar!$A$4:$A$11,0)),INDEX('Deneme Girişi'!$D$5:$AI$54,19,(MATCH($B$44,Ayarlar!$A$4:$A$11,0)-1)*4+3))),"") | E65: ='Deneme Girişi'!AO23 | F65: ='Deneme Girişi'!AU23
A66: 20 | B66: =IF('Deneme Girişi'!C24="","",'Deneme Girişi'!C24) | C66: =IFERROR(INDEX('Deneme Girişi'!$D$5:$AI$54,20,(MATCH($B$44,Ayarlar!$A$4:$A$11,0)-1)*4+4),"") | D66: =IFERROR(IF(C66="","",C66/IF(INDEX('Deneme Girişi'!$D$5:$AI$54,20,(MATCH($B$44,Ayarlar!$A$4:$A$11,0)-1)*4+3)="",INDEX(Ayarlar!$B$4:$B$11,MATCH($B$44,Ayarlar!$A$4:$A$11,0)),INDEX('Deneme Girişi'!$D$5:$AI$54,20,(MATCH($B$44,Ayarlar!$A$4:$A$11,0)-1)*4+3))),"") | E66: ='Deneme Girişi'!AO24 | F66: ='Deneme Girişi'!AU24
A67: 21 | B67: =IF('Deneme Girişi'!C25="","",'Deneme Girişi'!C25) | C67: =IFERROR(INDEX('Deneme Girişi'!$D$5:$AI$54,21,(MATCH($B$44,Ayarlar!$A$4:$A$11,0)-1)*4+4),"") | D67: =IFERROR(IF(C67="","",C67/IF(INDEX('Deneme Girişi'!$D$5:$AI$54,21,(MATCH($B$44,Ayarlar!$A$4:$A$11,0)-1)*4+3)="",INDEX(Ayarlar!$B$4:$B$11,MATCH($B$44,Ayarlar!$A$4:$A$11,0)),INDEX('Deneme Girişi'!$D$5:$AI$54,21,(MATCH($B$44,Ayarlar!$A$4:$A$11,0)-1)*4+3))),"") | E67: ='Deneme Girişi'!AO25 | F67: ='Deneme Girişi'!AU25
A68: 22 | B68: =IF('Deneme Girişi'!C26="","",'Deneme Girişi'!C26) | C68: =IFERROR(INDEX('Deneme Girişi'!$D$5:$AI$54,22,(MATCH($B$44,Ayarlar!$A$4:$A$11,0)-1)*4+4),"") | D68: =IFERROR(IF(C68="","",C68/IF(INDEX('Deneme Girişi'!$D$5:$AI$54,22,(MATCH($B$44,Ayarlar!$A$4:$A$11,0)-1)*4+3)="",INDEX(Ayarlar!$B$4:$B$11,MATCH($B$44,Ayarlar!$A$4:$A$11,0)),INDEX('Deneme Girişi'!$D$5:$AI$54,22,(MATCH($B$44,Ayarlar!$A$4:$A$11,0)-1)*4+3))),"") | E68: ='Deneme Girişi'!AO26 | F68: ='Deneme Girişi'!AU26
A69: 23 | B69: =IF('Deneme Girişi'!C27="","",'Deneme Girişi'!C27) | C69: =IFERROR(INDEX('Deneme Girişi'!$D$5:$AI$54,23,(MATCH($B$44,Ayarlar!$A$4:$A$11,0)-1)*4+4),"") | D69: =IFERROR(IF(C69="","",C69/IF(INDEX('Deneme Girişi'!$D$5:$AI$54,23,(MATCH($B$44,Ayarlar!$A$4:$A$11,0)-1)*4+3)="",INDEX(Ayarlar!$B$4:$B$11,MATCH($B$44,Ayarlar!$A$4:$A$11,0)),INDEX('Deneme Girişi'!$D$5:$AI$54,23,(MATCH($B$44,Ayarlar!$A$4:$A$11,0)-1)*4+3))),"") | E69: ='Deneme Girişi'!AO27 | F69: ='Deneme Girişi'!AU27
A70: 24 | B70: =IF('Deneme Girişi'!C28="","",'Deneme Girişi'!C28) | C70: =IFERROR(INDEX('Deneme Girişi'!$D$5:$AI$54,24,(MATCH($B$44,Ayarlar!$A$4:$A$11,0)-1)*4+4),"") | D70: =IFERROR(IF(C70="","",C70/IF(INDEX('Deneme Girişi'!$D$5:$AI$54,24,(MATCH($B$44,Ayarlar!$A$4:$A$11,0)-1)*4+3)="",INDEX(Ayarlar!$B$4:$B$11,MATCH($B$44,Ayarlar!$A$4:$A$11,0)),INDEX('Deneme Girişi'!$D$5:$AI$54,24,(MATCH($B$44,Ayarlar!$A$4:$A$11,0)-1)*4+3))),"") | E70: ='Deneme Girişi'!AO28 | F70: ='Deneme Girişi'!AU28
A71: 25 | B71: =IF('Deneme Girişi'!C29="","",'Deneme Girişi'!C29) | C71: =IFERROR(INDEX('Deneme Girişi'!$D$5:$AI$54,25,(MATCH($B$44,Ayarlar!$A$4:$A$11,0)-1)*4+4),"") | D71: =IFERROR(IF(C71="","",C71/IF(INDEX('Deneme Girişi'!$D$5:$AI$54,25,(MATCH($B$44,Ayarlar!$A$4:$A$11,0)-1)*4+3)="",INDEX(Ayarlar!$B$4:$B$11,MATCH($B$44,Ayarlar!$A$4:$A$11,0)),INDEX('Deneme Girişi'!$D$5:$AI$54,25,(MATCH($B$44,Ayarlar!$A$4:$A$11,0)-1)*4+3))),"") | E71: ='Deneme Girişi'!AO29 | F71: ='Deneme Girişi'!AU29
A72: 26 | B72: =IF('Deneme Girişi'!C30="","",'Deneme Girişi'!C30) | C72: =IFERROR(INDEX('Deneme Girişi'!$D$5:$AI$54,26,(MATCH($B$44,Ayarlar!$A$4:$A$11,0)-1)*4+4),"") | D72: =IFERROR(IF(C72="","",C72/IF(INDEX('Deneme Girişi'!$D$5:$AI$54,26,(MATCH($B$44,Ayarlar!$A$4:$A$11,0)-1)*4+3)="",INDEX(Ayarlar!$B$4:$B$11,MATCH($B$44,Ayarlar!$A$4:$A$11,0)),INDEX('Deneme Girişi'!$D$5:$AI$54,26,(MATCH($B$44,Ayarlar!$A$4:$A$11,0)-1)*4+3))),"") | E72: ='Deneme Girişi'!AO30 | F72: ='Deneme Girişi'!AU30
A73: 27 | B73: =IF('Deneme Girişi'!C31="","",'Deneme Girişi'!C31) | C73: =IFERROR(INDEX('Deneme Girişi'!$D$5:$AI$54,27,(MATCH($B$44,Ayarlar!$A$4:$A$11,0)-1)*4+4),"") | D73: =IFERROR(IF(C73="","",C73/IF(INDEX('Deneme Girişi'!$D$5:$AI$54,27,(MATCH($B$44,Ayarlar!$A$4:$A$11,0)-1)*4+3)="",INDEX(Ayarlar!$B$4:$B$11,MATCH($B$44,Ayarlar!$A$4:$A$11,0)),INDEX('Deneme Girişi'!$D$5:$AI$54,27,(MATCH($B$44,Ayarlar!$A$4:$A$11,0)-1)*4+3))),"") | E73: ='Deneme Girişi'!AO31 | F73: ='Deneme Girişi'!AU31
A74: 28 | B74: =IF('Deneme Girişi'!C32="","",'Deneme Girişi'!C32) | C74: =IFERROR(INDEX('Deneme Girişi'!$D$5:$AI$54,28,(MATCH($B$44,Ayarlar!$A$4:$A$11,0)-1)*4+4),"") | D74: =IFERROR(IF(C74="","",C74/IF(INDEX('Deneme Girişi'!$D$5:$AI$54,28,(MATCH($B$44,Ayarlar!$A$4:$A$11,0)-1)*4+3)="",INDEX(Ayarlar!$B$4:$B$11,MATCH($B$44,Ayarlar!$A$4:$A$11,0)),INDEX('Deneme Girişi'!$D$5:$AI$54,28,(MATCH($B$44,Ayarlar!$A$4:$A$11,0)-1)*4+3))),"") | E74: ='Deneme Girişi'!AO32 | F74: ='Deneme Girişi'!AU32
A75: 29 | B75: =IF('Deneme Girişi'!C33="","",'Deneme Girişi'!C33) | C75: =IFERROR(INDEX('Deneme Girişi'!$D$5:$AI$54,29,(MATCH($B$44,Ayarlar!$A$4:$A$11,0)-1)*4+4),"") | D75: =IFERROR(IF(C75="","",C75/IF(INDEX('Deneme Girişi'!$D$5:$AI$54,29,(MATCH($B$44,Ayarlar!$A$4:$A$11,0)-1)*4+3)="",INDEX(Ayarlar!$B$4:$B$11,MATCH($B$44,Ayarlar!$A$4:$A$11,0)),INDEX('Deneme Girişi'!$D$5:$AI$54,29,(MATCH($B$44,Ayarlar!$A$4:$A$11,0)-1)*4+3))),"") | E75: ='Deneme Girişi'!AO33 | F75: ='Deneme Girişi'!AU33
A76: 30 | B76: =IF('Deneme Girişi'!C34="","",'Deneme Girişi'!C34) | C76: =IFERROR(INDEX('Deneme Girişi'!$D$5:$AI$54,30,(MATCH($B$44,Ayarlar!$A$4:$A$11,0)-1)*4+4),"") | D76: =IFERROR(IF(C76="","",C76/IF(INDEX('Deneme Girişi'!$D$5:$AI$54,30,(MATCH($B$44,Ayarlar!$A$4:$A$11,0)-1)*4+3)="",INDEX(Ayarlar!$B$4:$B$11,MATCH($B$44,Ayarlar!$A$4:$A$11,0)),INDEX('Deneme Girişi'!$D$5:$AI$54,30,(MATCH($B$44,Ayarlar!$A$4:$A$11,0)-1)*4+3))),"") | E76: ='Deneme Girişi'!AO34 | F76: ='Deneme Girişi'!AU34
A77: 31 | B77: =IF('Deneme Girişi'!C35="","",'Deneme Girişi'!C35) | C77: =IFERROR(INDEX('Deneme Girişi'!$D$5:$AI$54,31,(MATCH($B$44,Ayarlar!$A$4:$A$11,0)-1)*4+4),"") | D77: =IFERROR(IF(C77="","",C77/IF(INDEX('Deneme Girişi'!$D$5:$AI$54,31,(MATCH($B$44,Ayarlar!$A$4:$A$11,0)-1)*4+3)="",INDEX(Ayarlar!$B$4:$B$11,MATCH($B$44,Ayarlar!$A$4:$A$11,0)),INDEX('Deneme Girişi'!$D$5:$AI$54,31,(MATCH($B$44,Ayarlar!$A$4:$A$11,0)-1)*4+3))),"") | E77: ='Deneme Girişi'!AO35 | F77: ='Deneme Girişi'!AU35
A78: 32 | B78: =IF('Deneme Girişi'!C36="","",'Deneme Girişi'!C36) | C78: =IFERROR(INDEX('Deneme Girişi'!$D$5:$AI$54,32,(MATCH($B$44,Ayarlar!$A$4:$A$11,0)-1)*4+4),"") | D78: =IFERROR(IF(C78="","",C78/IF(INDEX('Deneme Girişi'!$D$5:$AI$54,32,(MATCH($B$44,Ayarlar!$A$4:$A$11,0)-1)*4+3)="",INDEX(Ayarlar!$B$4:$B$11,MATCH($B$44,Ayarlar!$A$4:$A$11,0)),INDEX('Deneme Girişi'!$D$5:$AI$54,32,(MATCH($B$44,Ayarlar!$A$4:$A$11,0)-1)*4+3))),"") | E78: ='Deneme Girişi'!AO36 | F78: ='Deneme Girişi'!AU36
A79: 33 | B79: =IF('Deneme Girişi'!C37="","",'Deneme Girişi'!C37) | C79: =IFERROR(INDEX('Deneme Girişi'!$D$5:$AI$54,33,(MATCH($B$44,Ayarlar!$A$4:$A$11,0)-1)*4+4),"") | D79: =IFERROR(IF(C79="","",C79/IF(INDEX('Deneme Girişi'!$D$5:$AI$54,33,(MATCH($B$44,Ayarlar!$A$4:$A$11,0)-1)*4+3)="",INDEX(Ayarlar!$B$4:$B$11,MATCH($B$44,Ayarlar!$A$4:$A$11,0)),INDEX('Deneme Girişi'!$D$5:$AI$54,33,(MATCH($B$44,Ayarlar!$A$4:$A$11,0)-1)*4+3))),"") | E79: ='Deneme Girişi'!AO37 | F79: ='Deneme Girişi'!AU37
A80: 34 | B80: =IF('Deneme Girişi'!C38="","",'Deneme Girişi'!C38) | C80: =IFERROR(INDEX('Deneme Girişi'!$D$5:$AI$54,34,(MATCH($B$44,Ayarlar!$A$4:$A$11,0)-1)*4+4),"") | D80: =IFERROR(IF(C80="","",C80/IF(INDEX('Deneme Girişi'!$D$5:$AI$54,34,(MATCH($B$44,Ayarlar!$A$4:$A$11,0)-1)*4+3)="",INDEX(Ayarlar!$B$4:$B$11,MATCH($B$44,Ayarlar!$A$4:$A$11,0)),INDEX('Deneme Girişi'!$D$5:$AI$54,34,(MATCH($B$44,Ayarlar!$A$4:$A$11,0)-1)*4+3))),"") | E80: ='Deneme Girişi'!AO38 | F80: ='Deneme Girişi'!AU38
A81: 35 | B81: =IF('Deneme Girişi'!C39="","",'Deneme Girişi'!C39) | C81: =IFERROR(INDEX('Deneme Girişi'!$D$5:$AI$54,35,(MATCH($B$44,Ayarlar!$A$4:$A$11,0)-1)*4+4),"") | D81: =IFERROR(IF(C81="","",C81/IF(INDEX('Deneme Girişi'!$D$5:$AI$54,35,(MATCH($B$44,Ayarlar!$A$4:$A$11,0)-1)*4+3)="",INDEX(Ayarlar!$B$4:$B$11,MATCH($B$44,Ayarlar!$A$4:$A$11,0)),INDEX('Deneme Girişi'!$D$5:$AI$54,35,(MATCH($B$44,Ayarlar!$A$4:$A$11,0)-1)*4+3))),"") | E81: ='Deneme Girişi'!AO39 | F81: ='Deneme Girişi'!AU39
A82: 36 | B82: =IF('Deneme Girişi'!C40="","",'Deneme Girişi'!C40) | C82: =IFERROR(INDEX('Deneme Girişi'!$D$5:$AI$54,36,(MATCH($B$44,Ayarlar!$A$4:$A$11,0)-1)*4+4),"") | D82: =IFERROR(IF(C82="","",C82/IF(INDEX('Deneme Girişi'!$D$5:$AI$54,36,(MATCH($B$44,Ayarlar!$A$4:$A$11,0)-1)*4+3)="",INDEX(Ayarlar!$B$4:$B$11,MATCH($B$44,Ayarlar!$A$4:$A$11,0)),INDEX('Deneme Girişi'!$D$5:$AI$54,36,(MATCH($B$44,Ayarlar!$A$4:$A$11,0)-1)*4+3))),"") | E82: ='Deneme Girişi'!AO40 | F82: ='Deneme Girişi'!AU40
A83: 37 | B83: =IF('Deneme Girişi'!C41="","",'Deneme Girişi'!C41) | C83: =IFERROR(INDEX('Deneme Girişi'!$D$5:$AI$54,37,(MATCH($B$44,Ayarlar!$A$4:$A$11,0)-1)*4+4),"") | D83: =IFERROR(IF(C83="","",C83/IF(INDEX('Deneme Girişi'!$D$5:$AI$54,37,(MATCH($B$44,Ayarlar!$A$4:$A$11,0)-1)*4+3)="",INDEX(Ayarlar!$B$4:$B$11,MATCH($B$44,Ayarlar!$A$4:$A$11,0)),INDEX('Deneme Girişi'!$D$5:$AI$54,37,(MATCH($B$44,Ayarlar!$A$4:$A$11,0)-1)*4+3))),"") | E83: ='Deneme Girişi'!AO41 | F83: ='Deneme Girişi'!AU41
A84: 38 | B84: =IF('Deneme Girişi'!C42="","",'Deneme Girişi'!C42) | C84: =IFERROR(INDEX('Deneme Girişi'!$D$5:$AI$54,38,(MATCH($B$44,Ayarlar!$A$4:$A$11,0)-1)*4+4),"") | D84: =IFERROR(IF(C84="","",C84/IF(INDEX('Deneme Girişi'!$D$5:$AI$54,38,(MATCH($B$44,Ayarlar!$A$4:$A$11,0)-1)*4+3)="",INDEX(Ayarlar!$B$4:$B$11,MATCH($B$44,Ayarlar!$A$4:$A$11,0)),INDEX('Deneme Girişi'!$D$5:$AI$54,38,(MATCH($B$44,Ayarlar!$A$4:$A$11,0)-1)*4+3))),"") | E84: ='Deneme Girişi'!AO42 | F84: ='Deneme Girişi'!AU42
A85: 39 | B85: =IF('Deneme Girişi'!C43="","",'Deneme Girişi'!C43) | C85: =IFERROR(INDEX('Deneme Girişi'!$D$5:$AI$54,39,(MATCH($B$44,Ayarlar!$A$4:$A$11,0)-1)*4+4),"") | D85: =IFERROR(IF(C85="","",C85/IF(INDEX('Deneme Girişi'!$D$5:$AI$54,39,(MATCH($B$44,Ayarlar!$A$4:$A$11,0)-1)*4+3)="",INDEX(Ayarlar!$B$4:$B$11,MATCH($B$44,Ayarlar!$A$4:$A$11,0)),INDEX('Deneme Girişi'!$D$5:$AI$54,39,(MATCH($B$44,Ayarlar!$A$4:$A$11,0)-1)*4+3))),"") | E85: ='Deneme Girişi'!AO43 | F85: ='Deneme Girişi'!AU43
A86: 40 | B86: =IF('Deneme Girişi'!C44="","",'Deneme Girişi'!C44) | C86: =IFERROR(INDEX('Deneme Girişi'!$D$5:$AI$54,40,(MATCH($B$44,Ayarlar!$A$4:$A$11,0)-1)*4+4),"") | D86: =IFERROR(IF(C86="","",C86/IF(INDEX('Deneme Girişi'!$D$5:$AI$54,40,(MATCH($B$44,Ayarlar!$A$4:$A$11,0)-1)*4+3)="",INDEX(Ayarlar!$B$4:$B$11,MATCH($B$44,Ayarlar!$A$4:$A$11,0)),INDEX('Deneme Girişi'!$D$5:$AI$54,40,(MATCH($B$44,Ayarlar!$A$4:$A$11,0)-1)*4+3))),"") | E86: ='Deneme Girişi'!AO44 | F86: ='Deneme Girişi'!AU44

Sheet Ayarlar
A1: Ayarlar
A2: Sarı hücreleri değiştirebilirsin; diğer sayfalar otomatik güncellenir.
A3: Ders | B3: Soru Sayısı | C3: Hedef Net | E3: Hata Nedenleri | G3: Evet/Hayır | I3: Soru Durumu
A4: Türk Dili ve Edebiyatı | B4: 20 | C4: 15 | E4: Konuyu bilmiyorum | G4: Evet | I4: Yanlış
A5: Matematik | B5: 20 | C5: 12 | E5: Kavram yanılgısı | G5: Hayır | I5: Boş
A6: Fizik | B6: 10 | C6: 6 | E6: İşlem hatası
A7: Kimya | B7: 10 | C7: 6 | E7: Dikkatsizlik / yanlış okuma
A8: Biyoloji | B8: 10 | C8: 6 | E8: Süre yetmedi
A9: Tarih | B9: 10 | C9: 7 | E9: Tahmin ettim
A10: Coğrafya | B10: 10 | C10: 7 | E10: Diğer
A11: Din Kültürü | B11: 10 | C11: 8
A14: Toplam soru | B14: =SUM(B4:B11)
A16: Kaç yanlış 1 doğruyu götürür? | B16: 4
A17: 4 = TYT/YKS kuralı · 3 = LGS kuralı · 0 = yanlış doğruyu götürmez
A19: Tahmini TYT Puanı Ayarları
A20: Ders | B20: TYT'de hangi teste sayılsın? | E20: TYT Testi | F20: Soru | G20: Katsayı
A21: =A4 | B21: Türkçe | E21: Türkçe | F21: 40 | G21: 3.3
A22: =A5 | B22: Matematik | E22: Sosyal | F22: 20 | G22: 3.4
A23: =A6 | B23: Fen | E23: Matematik | F23: 40 | G23: 3.3
A24: =A7 | B24: Fen | E24: Fen | F24: 20 | G24: 3.4
A25: =A8 | B25: Fen | E25: Taban puan | F25: 100
A26: =A9 | B26: Sosyal | E26: Katsayılar yaklaşıktır (dershanelerin TYT hesaplamalarında yaygın kullanılan değerler). ÖSYM puanı her yıl tüm adayların sonuçlarına göre hesaplar; gerçek puan farklı olabilir.
A27: =A10 | B27: Sosyal
A28: =A11 | B28: Sosyal
A30: Bir dersi TYT hesabına katmak istemiyorsan hücreyi boş bırak.
